Ticker,Name,
6599.KL,Aeon Co. (M) Bhd,6599.KL
5099.KL,AirAsia Berhad,5099.KL
7579.KL,AWC Berhad,7579.KL
7162.KL,Astino Berhad,7162.KL
6432.KL,Apollo Food Holdings Berhad,6432.KL
5014.KL,Malaysia Airports Holdings Bhd,5014.KL
4162.KL,British American Tobacco Malaysia Bhd,4162.KL
6947.KL,DiGi.Com Berhad,6947.KL
1023.KL,CIMB Group Holdings Berhad,1023.KL
6012.KL,Maxis Berhad,6012.KL
1066.KL,RHB Capital Berhad,1066.KL
7113.KL,Top Glove Corporation Berhad,7113.KL
7052.KL,Padini Holdings Berhad,7052.KL
5347.KL,Tenaga Nasional Berhad,5347.KL
5101.KL,Evergreen Fibreboard Bhd,5101.KL
4707.KL,Nestl√© (Malaysia) Berhad,4707.KL
1295.KL,Public Bank Berhad,1295.KL
1155.KL,Malayan Banking Berhad,1155.KL
7164.KL,KNM Group Bhd,7164.KL
5218.KL,SapuraKencana Petroleum Berhad,5218.KL
2445.KL,Kuala Lumpur Kepong Berhad,2445.KL
1619.KL,DRB-HICOM Berhad,1619.KL
1171.KL,Malaysia Building Society Bhd,1171.KL
5216.KL,Datasonic Group Berhad,5216.KL
7277.KL,Dialog Group Berhad,7277.KL
5141.KL,Dayang Enterprise Holdings Berhad,5141.KL
3026.KL,Dutch Lady Milk Industries Bhd,3026.KL
9806.KL,Nationwide Express Courier Services Berhad,9806.KL
7773.KL,EP Manufacturing Bhd,7773.KL
7206.KL,TH Heavy Engineering Berhad,7206.KL
7182.KL,EKA Noodles Berhad,7182.KL
5227.KL,IGB Real Estate Investment Trust,5227.KL
5176.KL,Sunway Real Estate Investment Trust,5176.KL
0820EA.KL,FTSE Bursa Malaysia KLCI ETF,0820EA.KL
0138.KL,MY E.G. SERVICES BHD,0138.KL
7107.KL,Oriental Food Industries Holdings Bhd,7107.KL
6939.KL,Fiamma Holdings Bhd,6939.KL
3689.KL,Fraser & Neave Holdings Bhd,3689.KL
3522.KL,Kian Joo Can Factory Bhd,3522.KL
0128.KL,FRONTKEN CORPORATION BHD,0128.KL
5398.KL,Gamuda Bhd,5398.KL
4715.KL,Genting Malaysia Berhad,4715.KL
7088.KL,Poh Huat Resources Holdings Bhd,7088.KL
5199.KL,Hibiscus Petroleum Berhad,5199.KL
9997.KL,Pensonic Holdings Bhd,9997.KL
9679.KL,WCT Holdings Berhad,9679.KL
9385.KL,Lay Hong Berhad,9385.KL
8362.KL,KYM Holdings Bhd,8362.KL
7323.KL,Ken Holdings Bhd,7323.KL
7293.KL,Yinson Holdings Berhad,7293.KL
7235.KL,Superlon Holdings Berhad,7235.KL
7121.KL,Xian Leng Holdings Bhd,7121.KL
7110.KL,Haisan Resources Berhad,7110.KL
6351.KL,Amway (Malaysia) Holdings Berhad,6351.KL
5819.KL,Hong Leong Bank Berhad,5819.KL
5260.KL,Only World Group Holdings Berhad,5260.KL
5252.KL,Sasbadi Holdings Berhad,5252.KL
5236.KL,Matrix Concepts Holdings Berhad,5236.KL
5156.KL,XiDeLang Holdings Limited,5156.KL
5095.KL,HeveaBoard Bhd,5095.KL
5080.KL,Poh Kong Holdings Bhd,5080.KL
3301.KL,Hong Leong Industries Berhad,3301.KL
9598.KL,Pintaras Jaya Bhd,9598.KL
5161.KL,JCY International Berhad,5161.KL
9083.KL,Kumpulan Jetson Bhd,9083.KL
8648.KL,Jasa Kita Bhd,8648.KL
7223.KL,Jadi Imaging Holdings Bhd,7223.KL
7152@BN.KL,7152@BN.KL,7152@BN.KL
7043.KL,JMR Conglomeration Bhd,7043.KL
6556@BN.KL,6556@BN.KL,6556@BN.KL
3522@BN.KL,3522@BN.KL,3522@BN.KL
8923@BN.KL,8923@BN.KL,8923@BN.KL
0024@BN.KL,0024@BN.KL,0024@BN.KL
9431.KL,Seni Jaya Corporation Berhad,9431.KL
5268.KL,IKHMAS JAYA GROUP BERHAD,5268.KL
8931.KL,Jerasia Capital Bhd,8931.KL
4723.KL,JAKS Resources Berhad,4723.KL
5268@BN.KL,5268@BN.KL,5268@BN.KL
0058.KL,JCBNEXT BERHAD,0058.KL
3441.KL,Johan Holdings Bhd,3441.KL
4383@BN.KL,4383@BN.KL,4383@BN.KL
7152.KL,Jaycorp Berhad,7152.KL
2453.KL,Kluang Rubber Co. Malaya Bhd,2453.KL
9954.KL,Asia Knight Berhad,9954.KL
9466.KL,KKB Engineering Bhd,9466.KL
8303.KL,Kuantan Flour Mills Bhd,8303.KL
7216.KL,Kawan Food Bhd,7216.KL
7153.KL,Kossan Rubber Industries Bhd,7153.KL
7130.KL,Kumpulan Powernet Bhd,7130.KL
6874.KL,KUB Malaysia Berhad,6874.KL
6572.KL,Kwantas Corp. Bhd,6572.KL
5878.KL,KPJ Healthcare Bhd,5878.KL
5843.KL,Kumpulan Perangsang Selangor Bhd,5843.KL
5192.KL,K.Seng Seng Corporation Bhd.,5192.KL
5172.KL,K-Star Sports Limited,5172.KL
5171.KL,Kimlun Corporation Berhad,5171.KL
5060.KL,Kinsteel Bhd,5060.KL
5027.KL,Kim Loong Resources Berhad,5027.KL
3565.KL,Kumpulan Europlus Berhad,3565.KL
3476.KL,Keck Seng Malaysia Bhd,3476.KL
3204.KL,George Kent (Malaysia) Berhad,3204.KL
3115.KL,Karambunai Corp Bhd,3115.KL
0170.KL,KANGER INTERNATIONAL BERHAD,0170.KL
5235SS.KL,KLCC Real Estate Investment Trust,5235SS.KL
5123.KL,MRCB-Quill REIT,5123.KL
8966.KL,Prolexus Bhd,8966.KL
7171.KL,Century Bond Bhd,7171.KL
5049.KL,Country View Bhd,5049.KL
4502.KL,Media Prima Bhd,4502.KL
1589.KL,Iskandar Waterfront City Berhad,1589.KL
6009.KL,Pacific & Orient Bhd,6009.KL
7243.KL,Bio Osmo Berhad,7243.KL
7204.KL,D & O Green Technologies Berhad.,7204.KL
5201@BN.KL,5201@BN.KL,5201@BN.KL
5201.KL,OldTown Berhad,5201.KL
5159.KL,Yoong Onn Corporation Berhad,5159.KL
5126.KL,Sarawak Oil Palms Bhd,5126.KL
5065.KL,Ornapaper Bhd,5065.KL
0172.KL,OCK GROUP BERHAD,0172.KL
0040.KL,OPENSYS (M) BHD,0040.KL
5255.KL,Icon Offshore Berhad,5255.KL
5243@BN.KL,5243@BN.KL,5243@BN.KL
0040@BN.KL,0040@BN.KL,0040@BN.KL
0053@BN.KL,0053@BN.KL,0053@BN.KL
3417.KL,Eastern & Oriental Berhad,3417.KL
7084.KL,QL Resources Berhad,7084.KL
7544@OM.KL,7544@OM.KL,7544@OM.KL
7544.KL,Quality Concrete Holdings Bhd,7544.KL
7084@BN.KL,7084@BN.KL,7084@BN.KL
7219.KL,Minetech Resources Berhad,7219.KL
4324.KL,Shell Refining Company (Federation of Malaya) Berhad,4324.KL
3042.KL,Petron Malaysia Refining & Marketing Bhd,3042.KL
5222.KL,Felda Global Ventures Holdings Berhad,5222.KL
0097.KL,VITROX CORPORATION BHD,0097.KL
0069.KL,VIVOCOM INTL HOLDINGS BERHAD,0069.KL
0066@BN.KL,0066@BN.KL,0066@BN.KL
5049@BN.KL,5049@BN.KL,5049@BN.KL
0083.KL,NOTION VTEC BHD,0083.KL
5021.KL,AYS Ventures Berhad,5021.KL
8206.KL,Eco World Development Group Berhad,8206.KL
7245.KL,WZ Satu Berhad,7245.KL
5142.KL,Wah Seong Corporation Berhad,5142.KL
5007.KL,Chin Well Holdings Berhad,5007.KL
4243.KL,WTK Holdings Bhd,4243.KL
0008.KL,WILLOWGLEN MSC BHD,0008.KL
7374.KL,Tien Wah Press Holdings Bhd,7374.KL
9601@BN.KL,9601@BN.KL,9601@BN.KL
7203.KL,Wang-Zheng Berhad,7203.KL
2976.KL,Wing Tai Malaysia Berhad,2976.KL
5098@BN.KL,5098@BN.KL,5098@BN.KL
1589@BN.KL,1589@BN.KL,1589@BN.KL
5260@DB.KL,5260@DB.KL,5260@DB.KL
8206@BN.KL,8206@BN.KL,8206@BN.KL
0103.KL,MNC WIRELESS BHD,0103.KL
7226.KL,Watta Holding Bhd,7226.KL
5007@BN.KL,5007@BN.KL,5007@BN.KL
5188@BN.KL,5188@BN.KL,5188@BN.KL
5238.KL,AirAsia X Berhad,5238.KL
5267.KL,XIN HWA HOLDINGS BERHAD,5267.KL
5156@BN.KL,5156@BN.KL,5156@BN.KL
0095.KL,XINGHE HOLDINGS BERHAD,0095.KL
0165.KL,XOX BHD,0165.KL
5155.KL,Xingquan International Sports Holdings Limited,5155.KL
5155@OM.KL,XINGQUAN INT SPORTS HLDG LTD,5155@OM.KL
0165@BN.KL,0165@BN.KL,0165@BN.KL
5238@BN.KL,5238@BN.KL,5238@BN.KL
0095@BN.KL,0095@BN.KL,0095@BN.KL
5267@BN.KL,5267@BN.KL,5267@BN.KL
7184.KL,Yen Global Berhad,7184.KL
7178@BN.KL,7178@BN.KL,7178@BN.KL
7122@BN.KL,7122@BN.KL,7122@BN.KL
7066.KL,Yong Tai Berhad,7066.KL
7003.KL,Y&G Corporation Bhd,7003.KL
6742.KL,YTL Power International Berhad,6742.KL
5584.KL,Yee Lee Corporation Bhd,5584.KL
5048@BN.KL,5048@BN.KL,5048@BN.KL
4677.KL,YTL Corporation Berhad,4677.KL
2577.KL,YTL Land & Development Bhd,2577.KL
0086.KL,YGL CONVERGENCE BHD,0086.KL
4677@BN.KL,4677@BN.KL,4677@BN.KL
5048.KL,Yi-Lai Bhd,5048.KL
7020.KL,YKGI Holdings Berhad,7020.KL
6742@BN.KL,6742@BN.KL,6742@BN.KL
7178.KL,Y.S.P. Southeast Asia Holding Berhad,7178.KL
0086@BN.KL,0086@BN.KL,0086@BN.KL
5062@BN.KL,5062@BN.KL,5062@BN.KL
0009.KL,0009.KL,0009.KL
7066@BN.KL,7066@BN.KL,7066@BN.KL
7003@BN.KL,7003@BN.KL,7003@BN.KL
3158@BN.KL,3158@BN.KL,3158@BN.KL
2577@BN.KL,2577@BN.KL,2577@BN.KL
7122.KL,YFG Berhad,7122.KL
5584@BN.KL,5584@BN.KL,5584@BN.KL
3158.KL,Ynh Property Berhad,3158.KL
5159@BN.KL,5159@BN.KL,5159@BN.KL
5173.KL,Shin Yang Shipping Corporation Berhad,5173.KL
5109.KL,YTL Hospitality REIT,5109.KL
7014.KL,YLI Holdings Bhd,7014.KL
7293@BN.KL,7293@BN.KL,7293@BN.KL
5062.KL,Hua Yang Bhd,5062.KL
7028.KL,Zecon Berhad,7028.KL
2283.KL,Zelan Berhad (27676-V),2283.KL
7078.KL,Ahmad Zaki Resources Berhad,7078.KL
5131.KL,Zhulian Corporation Berhad,5131.KL
5131@BN.KL,5131@BN.KL,5131@BN.KL
2283@BN.KL,2283@BN.KL,2283@BN.KL
7028@BN.KL,7028@BN.KL,7028@BN.KL
7086.KL,AbleGroup Berhad,7086.KL
5198.KL,ABM Fujiya Berhad,5198.KL
7061@BN.KL,7061@BN.KL,7061@BN.KL
7086@BN.KL,7086@BN.KL,7086@BN.KL
0800EA.KL,ABF Malaysia Bond Index Fund,0800EA.KL
7061.KL,Abric Berhad,7061.KL
0800EA@OM.KL,0800EA@OM.KL,0800EA@OM.KL
5198@BN.KL,5198@BN.KL,5198@BN.KL
7061@OM.KL,7061@OM.KL,7061@OM.KL
7120@BN.KL,7120@BN.KL,7120@BN.KL
5924.KL,MTD ACPI Engineering Berhad,5924.KL
5134.KL,Southern Acids M Bhd,5134.KL
7120.KL,Acoustech Berhad,7120.KL
7131.KL,ACME Holdings Berhad,7131.KL
5924@BN.KL,5924@BN.KL,5924@BN.KL
7191.KL,Adventa Bhd,7191.KL
9148@BN.KL,9148@BN.KL,9148@BN.KL
0122@BN.KL,0122@BN.KL,0122@BN.KL
9148.KL,Advanced Packaging Technology M Bhd,9148.KL
0122.KL,ADVANCE INFORMATION MARKETING,0122.KL
5139@BN.KL,5139@BN.KL,5139@BN.KL
5139.KL,Aeon Credit Service M Bhd,5139.KL
7146.KL,AE Multi Holdings Berhad,7146.KL
0181.KL,AEMULUS HOLDINGS BERHAD,0181.KL
6599@BN.KL,6599@BN.KL,6599@BN.KL
0181@BN.KL,0181@BN.KL,0181@BN.KL
5185.KL,Affin Holdings Bhd,5185.KL
5185@BN.KL,5185@BN.KL,5185@BN.KL
7315@BN.KL,7315@BN.KL,7315@BN.KL
7315.KL,AHB Holdings Berhad,7315.KL
5099@BN.KL,5099@BN.KL,5099@BN.KL
5014@BN.KL,5014@BN.KL,5014@BN.KL
7609.KL,Ajiya Berhad,7609.KL
2658@BN.KL,2658@BN.KL,2658@BN.KL
2658.KL,Ajinomoto Malaysia Bhd,2658.KL
9326.KL,LB Aluminium Bhd,9326.KL
5115.KL,Alam Maritim Resources Berhad,5115.KL
2488.KL,Alliance Financial Group Berhad.,2488.KL
1163.KL,Allianz Malaysia Berhad,1163.KL
9814.KL,Bertam Alliance Bhd,9814.KL
5116@BN.KL,5116@BN.KL,5116@BN.KL
5115@BN.KL,5115@BN.KL,5115@BN.KL
2674.KL,Aluminium Co. of Malaysia Bhd,2674.KL
5116.KL,Al-'Aqar Healthcare REIT,5116.KL
1163PA.KL,Allianz Malaysia Berhad,1163PA.KL
2488@BN.KL,2488@BN.KL,2488@BN.KL
1163@BN.KL,1163@BN.KL,1163@BN.KL
9326@BN.KL,9326@BN.KL,9326@BN.KL
5269.KL,AL-SALAM REAL ESTATE INVESTMENT,5269.KL
0036.KL,KEY ALLIANCE GROUP BERHAD,0036.KL
5120@BN.KL,5120@BN.KL,5120@BN.KL
1015.KL,AMMB Holdings Berhad,1015.KL
0166.KL,INARI AMERTRON BERHAD,0166.KL
7051.KL,AMTEK Holdings Berhad,7051.KL
5127.KL,AmanahRaya Real Estate Investment Trust,5127.KL
1007@BN.KL,1007@BN.KL,1007@BN.KL
1007.KL,Amcorp Properties Berhad,1007.KL
5127@BN.KL,5127@BN.KL,5127@BN.KL
1015@BN.KL,1015@BN.KL,1015@BN.KL
5120.KL,AmFirst Real Estate Investment Trust,5120.KL
1007PA.KL,Amcorp Properties Berhad,1007PA.KL
2682.KL,Amalgamated Industrial Steel Berhad,2682.KL
4952@BN.KL,4952@BN.KL,4952@BN.KL
4162@BN.KL,4162@BN.KL,4162@BN.KL
7031@BN.KL,7031@BN.KL,7031@BN.KL
7031.KL,Amtel Holdings Berhad,7031.KL
4952.KL,Amanah Harta Tanah PNB,4952.KL
0166@BN.KL,0166@BN.KL,0166@BN.KL
7083.KL,Analabs Resources Berhad,7083.KL
3255.KL,Heineken Malaysia Berhad,3255.KL
0048.KL,ANCOM LOGISTICS BERHAD,0048.KL
4758.KL,Ancom Berhad,4758.KL
5012@BN.KL,5012@BN.KL,5012@BN.KL
3255@BN.KL,3255@BN.KL,3255@BN.KL
9342.KL,Anzo Holdings Berhad,9342.KL
5186@BN.KL,5186@BN.KL,5186@BN.KL
6556.KL,Ann Joo Resources Berhad,6556.KL
5012.KL,TA Ann Holdings Bhd,5012.KL
0048@BN.KL,0048@BN.KL,0048@BN.KL
5186.KL,Malaysia Marine and Heavy Engineering Holdings Berhad,5186.KL
4758@BN.KL,4758@BN.KL,4758@BN.KL
5194.KL,APFT Berhad,5194.KL
5088.KL,Apex Equity Holdings Berhad,5088.KL
6432@BN.KL,6432@BN.KL,6432@BN.KL
5015@BN.KL,5015@BN.KL,5015@BN.KL
7090@BN.KL,7090@BN.KL,7090@BN.KL
5015.KL,APM Automotive Holdings Berhad,5015.KL
7090.KL,Apex Healthcare Berhad,7090.KL
0119.KL,APPASIA BERHAD,0119.KL
5568.KL,APB Resources Berhad,5568.KL
5088@BN.KL,5088@BN.KL,5088@BN.KL
5226.KL,Gabungan AQRS Berhad,5226.KL
5226@BN.KL,5226@BN.KL,5226@BN.KL
0098@BN.KL,0098@BN.KL,0098@BN.KL
0098.KL,BORNEO AQUA HARVEST BHD,0098.KL
5210.KL,Bumi Armada Berhad,5210.KL
5210@BN.KL,5210@BN.KL,5210@BN.KL
7007.KL,ARK Resources Berhad,7007.KL
7986.KL,CN Asia Corp.Bhd,7986.KL
6399.KL,Astro Malaysia Holdings Berhad,6399.KL
7722.KL,Asia Brands Berhad,7722.KL
0152.KL,DGB ASIA BERHAD,0152.KL
7070@BN.KL,7070@BN.KL,7070@BN.KL
3239@BN.KL,3239@BN.KL,3239@BN.KL
0039@OM.KL,0039@OM.KL,0039@OM.KL
9954@BN.KL,9954@BN.KL,9954@BN.KL
0039.KL,GFM SERVICES BERHAD,0039.KL
7070.KL,Astral Supreme Berhad,7070.KL
0176@DB.KL,0176@DB.KL,0176@DB.KL
0822EA.KL,CIMB FTSE Asean 40 Malaysia Fund,0822EA.KL
5166.KL,ASIAMET Education Group Berhad,5166.KL
0173.KL,REV ASIA BERHAD,0173.KL
7054.KL,Astral Asia Berhad,7054.KL
0152@BN.KL,0152@BN.KL,0152@BN.KL
0039@BN.KL,0039@BN.KL,0039@BN.KL
0135.KL,SCAN ASSOCIATES BHD,0135.KL
7162@BN.KL,7162@BN.KL,7162@BN.KL
7054@BN.KL,7054@BN.KL,7054@BN.KL
0105.KL,ASIA POLY HOLDINGS BHD,0105.KL
7129.KL,Asia File Corporation Bhd.,7129.KL
0176.KL,KRONOLOGI ASIA BERHAD,0176.KL
0150.KL,ASIA BIOENERGY TECH BHD,0150.KL
0135@BN.KL,0135@BN.KL,0135@BN.KL
7986@BN.KL,7986@BN.KL,7986@BN.KL
4057@BN.KL,4057@BN.KL,4057@BN.KL
0068.KL,ASDION BHD,0068.KL
0150@BN.KL,0150@BN.KL,0150@BN.KL
0143.KL,KEY ASIC BHD,0143.KL
0826EA.KL,MYETF THOMSON REUTERS ASIA PACI,0826EA.KL
4057.KL,Asian Pac Holdings Berhad,4057.KL
5166@BN.KL,5166@BN.KL,5166@BN.KL
7722@BN.KL,7722@BN.KL,7722@BN.KL
6399@BN.KL,6399@BN.KL,6399@BN.KL
0173@BN.KL,0173@BN.KL,0173@BN.KL
0159.KL,ASIA MEDIA GROUP BERHAD,0159.KL
3239.KL,Berjaya Assets Berhad,3239.KL
0159@BN.KL,0159@BN.KL,0159@BN.KL
7129@BN.KL,7129@BN.KL,7129@BN.KL
7048.KL,Atlan Holdings Bhd,7048.KL
5130.KL,Atrium Real Estate Investment Trust,5130.KL
0072.KL,AT SYSTEMATIZATION BHD,0072.KL
7099.KL,Atta Global Group Berhad,7099.KL
7181.KL,Aturmaju Resources Berhad,7181.KL
0072@BN.KL,0072@BN.KL,0072@BN.KL
5248.KL,Berjaya Auto Berhad,5248.KL
5229.KL,China Automobile Parts Holdings Limited,5229.KL
7579@BN.KL,7579@BN.KL,7579@BN.KL
6888.KL,Axiata Group Berhad,6888.KL
6888@BN.KL,6888@BN.KL,6888@BN.KL
5106@BN.KL,5106@BN.KL,5106@BN.KL
5106.KL,Axis Real Estate Investment Trust,5106.KL
5021@BN.KL,5021@BN.KL,5021@BN.KL
2569.KL,Sungei Bagan Rubber Co. Malaya Bhd,2569.KL
2569@BN.KL,2569@BN.KL,2569@BN.KL
1295@BN.KL,1295@BN.KL,1295@BN.KL
7251@BN.KL,7251@BN.KL,7251@BN.KL
6602.KL,BCB Berhad,6602.KL
7165.KL,Spring Gallery Berhad,7165.KL
6114.KL,MKH Berhad,6114.KL
5263.KL,SUNWAY CONSTRUCTION GROUP BERHA,5263.KL
5251.KL,Tanah Makmur Berhad,5251.KL
3743.KL,Sunsuria Berhad,3743.KL
8613.KL,ENRA Group Berhad,8613.KL
7595.KL,ML Global Berhad,7595.KL
7253.KL,Handal Resources Berhad,7253.KL
7249.KL,Ewein Berhad,7249.KL
7237.KL,Power Root Berhad,7237.KL
7214.KL,A-Rank Berhad,7214.KL
7213.KL,Hovid Berhad,7213.KL
7211.KL,TAFI Industries Berhad,7211.KL
7207.KL,Success Transformer Corporation Berhad,7207.KL
7186.KL,SWS Capital Berhad,7186.KL
7108.KL,Perdana Petroleum Berhad,7108.KL
7105.KL,HCK Capital Group Berhad,7105.KL
7079.KL,Tiger Synergy Berhad,7079.KL
6262@BN.KL,6262@BN.KL,6262@BN.KL
6149.KL,Metrod Holdings Berhad,6149.KL
5265.KL,DOLPHIN INTERNATIONAL BERHAD,5265.KL
5256.KL,Reach Energy Berhad,5256.KL
5250.KL,7-Eleven Malaysia Holdings Berhad,5250.KL
5241.KL,Sona Petroleum Berhad,5241.KL
5239.KL,Titijaya Land Berhad,5239.KL
5228.KL,ELK-Desa Resources Berhad,5228.KL
5211.KL,Sunway Berhad,5211.KL
5205.KL,Eversendai Corporation Berhad,5205.KL
5202.KL,MSM Malaysia Holdings Berhad,5202.KL
5140.KL,TASCO Berhad,5140.KL
5136.KL,Complete Logistic Services Berhad,5136.KL
5133.KL,Petra Energy Berhad,5133.KL
5129.KL,Melati Ehsan Holdings Berhad,5129.KL
5113.KL,Rimbunan Sawit Berhad,5113.KL
5108.KL,iCapital.biz Berhad,5108.KL
5107.KL,IQ Group Holdings Berhad,5107.KL
5105.KL,Can-One Berhad,5105.KL
4731.KL,Scientex Berhad,4731.KL
4022.KL,Tadmax Resources Berhad,4022.KL
2291.KL,Genting Plantations Berhad,2291.KL
1538.KL,Symphony Life Berhad,1538.KL
1198.KL,MAA Group Berhad,1198.KL
0149@BN.KL,0149@BN.KL,0149@BN.KL
0081.KL,MEGA SUN CITY HOLDINGS BERHAD,0081.KL
0055@BN.KL,0055@BN.KL,0055@BN.KL
0045.KL,G NEPTUNE BERHAD,0045.KL
0034.KL,MMAG HOLDINGS BERHAD,0034.KL
5265@BN.KL,5265@BN.KL,5265@BN.KL
5219@BN.KL,5219@BN.KL,5219@BN.KL
7143@OM.KL,STONE MASTER CORPORATION BHD,7143@OM.KL
5190@BN.KL,5190@BN.KL,5190@BN.KL
4022@BN.KL,4022@BN.KL,4022@BN.KL
0154.KL,EA HOLDINGS BERHAD,0154.KL
7889@BN.KL,7889@BN.KL,7889@BN.KL
5152.KL,Muar Ban Lee Group Berhad,5152.KL
2291@BN.KL,2291@BN.KL,2291@BN.KL
0180.KL,KIM TECK CHEONG CONSOLIDATED BE,0180.KL
0161.KL,SCH GROUP BERHAD,0161.KL
8419.KL,Pansar Bhd,8419.KL
0074.KL,GREEN OCEAN CORPORATION BERHAD,0074.KL
5211@BN.KL,5211@BN.KL,5211@BN.KL
4219.KL,Berjaya Land Berhad,4219.KL
5264.KL,MALAKOFF CORPORATION BERHAD,5264.KL
8613@BN.KL,8613@BN.KL,8613@BN.KL
5149.KL,TAS Offshore Berhad,5149.KL
9474.KL,Brahim's Holdings Berhad,9474.KL
5157.KL,Saudee Group Berhad,5157.KL
5254.KL,Boustead Plantations Berhad,5254.KL
5237.KL,MPHB Capital Berhad,5237.KL
9776.KL,Farm's Best Bhd,9776.KL
5149@BN.KL,5149@BN.KL,5149@BN.KL
7233.KL,Dufu Technology Corp. Berhad,7233.KL
0112@BN.KL,0112@BN.KL,0112@BN.KL
0158@BN.KL,0158@BN.KL,0158@BN.KL
5162@BN.KL,5162@BN.KL,5162@BN.KL
7212@BN.KL,7212@BN.KL,7212@BN.KL
5082@OM.KL,5082@OM.KL,5082@OM.KL
8532.KL,Sinotop Holdings Berhad,8532.KL
2259@BN.KL,2259@BN.KL,2259@BN.KL
5191.KL,Tambun Indah Land Berhad,5191.KL
5232.KL,Leon Fuat Berhad,5232.KL
0167@OM.KL,0167@OM.KL,0167@OM.KL
5253.KL,Econpile Holdings Berhad,5253.KL
0116.KL,FOCUS DYNAMICS GROUP BERHAD,0116.KL
5208@BN.KL,5208@BN.KL,5208@BN.KL
6012@BN.KL,6012@BN.KL,6012@BN.KL
0056.KL,GRAND-FLO BERHAD,0056.KL
7161.KL,Kerjaya Prospek Group Berhad,7161.KL
5160@BN.KL,5160@BN.KL,5160@BN.KL
5606PA.KL,Goldis Berhad,5606PA.KL
0041.KL,PANPAGES BERHAD,0041.KL
5184@BN.KL,5184@BN.KL,5184@BN.KL
5184.KL,Cypark Resources Berhad,5184.KL
0118@BN.KL,0118@BN.KL,0118@BN.KL
5196.KL,Berjaya Food Berhad,5196.KL
2127.KL,Comfort Gloves Berhad,2127.KL
0170@BN.KL,0170@BN.KL,0170@BN.KL
0112.KL,MIKRO MSC BERHAD,0112.KL
5219.KL,Pestech International Berhad,5219.KL
5216@BN.KL,5216@BN.KL,5216@BN.KL
0161@BN.KL,0161@BN.KL,0161@BN.KL
7168@BN.KL,7168@BN.KL,7168@BN.KL
3069OR.KL,MEGA FIRST CORPORATION BERHAD-O,3069OR.KL
5250@BN.KL,5250@BN.KL,5250@BN.KL
0156@BN.KL,0156@BN.KL,0156@BN.KL
5230.KL,Tune Protect Group Berhad,5230.KL
5213@BN.KL,5213@BN.KL,5213@BN.KL
7137@OM.KL,7137@OM.KL,7137@OM.KL
0055.KL,SERSOL BERHAD,0055.KL
0156.KL,MANAGEPAY SYSTEMS BERHAD,0156.KL
5259@DB.KL,5259@DB.KL,5259@DB.KL
0060.KL,SKH CONSORTIUM BERHAD,0060.KL
7079@BN.KL,7079@BN.KL,7079@BN.KL
9741@BN.KL,9741@BN.KL,9741@BN.KL
5835PA.KL,Dolomite Corporation Berhad,5835PA.KL
5204@BN.KL,5204@BN.KL,5204@BN.KL
5148@BN.KL,5148@BN.KL,5148@BN.KL
5182.KL,MCT Berhad,5182.KL
0123.KL,PRIVASIA TECHNOLOGY BERHAD,0123.KL
1058@OM.KL,1058@OM.KL,1058@OM.KL
4456@BN.KL,4456@BN.KL,4456@BN.KL
3794@BN.KL,3794@BN.KL,3794@BN.KL
0104.KL,GENETEC TECHNOLOGY BERHAD,0104.KL
9806@OM.KL,9806@OM.KL,9806@OM.KL
1198@BN.KL,1198@BN.KL,1198@BN.KL
3859.KL,Magnum Berhad,3859.KL
5183.KL,Petronas Chemicals Group Berhad,5183.KL
9474@BN.KL,9474@BN.KL,9474@BN.KL
5200@BN.KL,5200@BN.KL,5200@BN.KL
5237@BN.KL,5237@BN.KL,5237@BN.KL
4715@BN.KL,4715@BN.KL,4715@BN.KL
2542@OM.KL,RIVERVIEW RUBBER ESTATES BHD,2542@OM.KL
5208.KL,EITA Resources Berhad,5208.KL
5189.KL,Maxwell International Holdings Berhad,5189.KL
0080@BN.KL,0080@BN.KL,0080@BN.KL
7206PB.KL,TH HEAVY ENGINEERING BERHAD-ISL,7206PB.KL
9628.KL,Lebtech Berhad,9628.KL
5797@BN.KL,5797@BN.KL,5797@BN.KL
5167.KL,Turbo-Mech Berhad,5167.KL
5078@BN.KL,5078@BN.KL,5078@BN.KL
0154@BN.KL,0154@BN.KL,0154@BN.KL
7240.KL,Voir Holdings Berhad,7240.KL
7206@BN.KL,7206@BN.KL,7206@BN.KL
0118.KL,TRIVE PROPERTY GROUP BERHAD,0118.KL
0169@BN.KL,0169@BN.KL,0169@BN.KL
5242.KL,Solid Automotive Berhad,5242.KL
0034@BN.KL,0034@BN.KL,0034@BN.KL
1058.KL,Manulife Holdings Berhad,1058.KL
7163@OM.KL,7163@OM.KL,7163@OM.KL
7149@OM.KL,ENG KAH CORPORATION BHD,7149@OM.KL
9741.KL,Tecnic Group Berhad,9741.KL
7889.KL,Thriven Global Berhad,7889.KL
5220.KL,Globaltec Formation Berhad,5220.KL
3743@BN.KL,3743@BN.KL,3743@BN.KL
5197.KL,Focus Lumber Berhad.,5197.KL
9458.KL,Premier Nalfin Berhad,9458.KL
5213.KL,Sentoria Group Berhad,5213.KL
5249.KL,IOI Properties Group Berhad,5249.KL
7246.KL,Signature International Berhad,7246.KL
5078.KL,Silk Holdings Berhad,5078.KL
5401@BN.KL,5401@BN.KL,5401@BN.KL
5205@BN.KL,5205@BN.KL,5205@BN.KL
5181.KL,SIG Gases Berhad,5181.KL
5225.KL,IHH Healthcare Berhad,5225.KL
5195.KL,Censof Holdings Berhad,5195.KL
1368.KL,UEM Edgenta Berhad,1368.KL
4723@BN.KL,4723@BN.KL,4723@BN.KL
7215.KL,Ni Hsin Resources Berhad,7215.KL
5170.KL,Sarawak Cable Berhad,5170.KL
5220@BN.KL,5220@BN.KL,5220@BN.KL
5241@BN.KL,5241@BN.KL,5241@BN.KL
5245.KL,Caring Pharmacy Group Berhad,5245.KL
7230.KL,Tomei Consolidated Berhad,7230.KL
4456.KL,Dagang NeXchange Berhad,4456.KL
5247.KL,Karex Berhad,5247.KL
5195@BN.KL,5195@BN.KL,5195@BN.KL
7229.KL,Favelle Favco Berhad,7229.KL
0178@BN.KL,0178@BN.KL,0178@BN.KL
5112.KL,TH Plantations Berhad,5112.KL
5175.KL,Ivory Properties Group Berhad,5175.KL
7134.KL,PWF Consolidated Berhad,7134.KL
5249@BN.KL,5249@BN.KL,5249@BN.KL
5094@BN.KL,5094@BN.KL,5094@BN.KL
0163.KL,CAREPLUS GROUP BERHAD,0163.KL
0149.KL,FIBON BERHAD,0149.KL
3379PA.KL,Insas Berhad,3379PA.KL
2143@OM.KL,ECM LIBRA FINANCIAL GRP BHD,2143@OM.KL
7105@BN.KL,7105@BN.KL,7105@BN.KL
4448P.KL,TASEK CORPORATION BERHAD - 6% P,4448P.KL
9377@OM.KL,9377@OM.KL,9377@OM.KL
0151.KL,KELINGTON GROUP BERHAD,0151.KL
5148.KL,UEM Sunrise Berhad,5148.KL
5175@BN.KL,5175@BN.KL,5175@BN.KL
1147.KL,Global Oriental Berhad,1147.KL
1023@BN.KL,1023@BN.KL,1023@BN.KL
7108@BN.KL,7108@BN.KL,7108@BN.KL
5401.KL,Tropicana Corporation Berhad,5401.KL
5228OR.KL,5228OR.KL,5228OR.KL
0157.KL,FOCUS POINT HOLDINGS BERHAD,0157.KL
5161@BN.KL,5161@BN.KL,5161@BN.KL
7182@BN.KL,7182@BN.KL,7182@BN.KL
5274@BN.KL,5274@BN.KL,5274@BN.KL
5259.KL,E.A. Technique (M) Berhad,5259.KL
9458@BN.KL,9458@BN.KL,9458@BN.KL
0167@BN.KL,0167@BN.KL,0167@BN.KL
5257.KL,Carimin Petroleum Berhad,5257.KL
5234.KL,CLIQ Energy Berhad,5234.KL
3395.KL,Berjaya Corporation Berhad,3395.KL
7204@BN.KL,7204@BN.KL,7204@BN.KL
3794.KL,Lafarge Malaysia Berhad,3794.KL
0045@BN.KL,0045@BN.KL,0045@BN.KL
5132.KL,Deleum Berhad,5132.KL
5606PA@OM.KL,5606PA@OM.KL,5606PA@OM.KL
0081@BN.KL,0081@BN.KL,0081@BN.KL
2003@OM.KL,2003@OM.KL,2003@OM.KL
5171@BN.KL,5171@BN.KL,5171@BN.KL
0179@BN.KL,0179@BN.KL,0179@BN.KL
5246.KL,Westports Holdings Berhad,5246.KL
7029.KL,Master-Pack Group Berhad,7029.KL
5274.KL,Hong Leong Capital Berhad,5274.KL
0069@BN.KL,0069@BN.KL,0069@BN.KL
7239.KL,Scanwolf Corporation Berhad,7239.KL
5232@BN.KL,5232@BN.KL,5232@BN.KL
6769.KL,JKG Land Berhad,6769.KL
0140@BN.KL,0140@BN.KL,0140@BN.KL
5178.KL,Tatt Giap Group Berhad,5178.KL
0172@BN.KL,0172@BN.KL,0172@BN.KL
1147@BN.KL,1147@BN.KL,1147@BN.KL
0179.KL,BIOALPHA HOLDINGS BERHAD,0179.KL
5162.KL,ECS ICT Berhad,5162.KL
5202@BN.KL,5202@BN.KL,5202@BN.KL
5209@BN.KL,5209@BN.KL,5209@BN.KL
6084@BN.KL,6084@BN.KL,6084@BN.KL
0104@BN.KL,0104@BN.KL,0104@BN.KL
5152@BN.KL,5152@BN.KL,5152@BN.KL
5273.KL,CHIN HIN GROUP BERHAD,5273.KL
5264@BN.KL,5264@BN.KL,5264@BN.KL
0158.KL,SCC HOLDINGS BERHAD,0158.KL
5151.KL,Halex Holdings Berhad,5151.KL
0041@BN.KL,0041@BN.KL,0041@BN.KL
7222.KL,Imaspro Corporation Berhad,7222.KL
0066.KL,VSOLAR GROUP BERHAD,0066.KL
4731@BN.KL,4731@BN.KL,4731@BN.KL
7227.KL,Ums-Neiken Group Berhad,7227.KL
7676@BN.KL,7676@BN.KL,7676@BN.KL
5146@BN.KL,5146@BN.KL,5146@BN.KL
1902@BN.KL,1902@BN.KL,1902@BN.KL
5168.KL,Hartalega Holdings Berhad,5168.KL
5263@BN.KL,5263@BN.KL,5263@BN.KL
0080.KL,RAYA INTERNATIONAL BERHAD,0080.KL
5270.KL,RED SENA BERHAD,5270.KL
7253@BN.KL,7253@BN.KL,7253@BN.KL
7073.KL,Seacera Group Berhad,7073.KL
5170@BN.KL,5170@BN.KL,5170@BN.KL
9288.KL,Bonia Corporation Berhad,9288.KL
8567.KL,Salcon Bhd,8567.KL
7157.KL,CYL Corp. Bhd,7157.KL
7087.KL,Magni-Tech Industries Bhd,7087.KL
7022.KL,Globetronics Technology Bhd,7022.KL
6033.KL,Petronas Gas Bhd,6033.KL
5087.KL,Mycron Steel Bhd,5087.KL
5085.KL,Mudajaya Group Berhad,5085.KL
4863.KL,Telekom Malaysia Berhad,4863.KL
2925.KL,Cycle & Carriage Bintang Bhd,2925.KL
2836.KL,Carlsberg Brewery Malaysia Bhd,2836.KL
1961.KL,IOI Corp.Bhd,1961.KL
0137.KL,STEMLIFE BHD,0137.KL
9946.KL,Rex Industry Berhad,9946.KL
9571.KL,Mitrajaya Holdings Bhd,9571.KL
9261.KL,Gadang Holdings Berhad,9261.KL
8885.KL,Reliance Pacific Bhd,8885.KL
8877@BN.KL,8877@BN.KL,8877@BN.KL
8877.KL,Ekovest Berhad,8877.KL
8745.KL,Leweko Resources Bhd,8745.KL
8591.KL,Crest Builder Holdings Bhd,8591.KL
8583.KL,Mah Sing Group Bhd,8583.KL
8494.KL,LBI Capital Bhd,8494.KL
8478.KL,HWA TAI Industries Bhd,8478.KL
8346.KL,Perak Corp. Bhd,8346.KL
8311.KL,Pesona Metro Holdings Berhad,8311.KL
7811.KL,Sapura Industrial Bhd,7811.KL
7765.KL,Rapid Synergy Bhd,7765.KL
7668.KL,Hai-O Enterprise Bhd,7668.KL
7247.KL,SCGM Bhd,7247.KL
7241.KL,BHS Industries Bhd,7241.KL
7225@BN.KL,7225@BN.KL,7225@BN.KL
7218.KL,Transocean Holdings Bhd.,7218.KL
7210.KL,Freight Management Holdings Bhd,7210.KL
7208.KL,Euro Holdings Bhd,7208.KL
7202.KL,Classic Scenic Bhd,7202.KL
7200@BN.KL,7200@BN.KL,7200@BN.KL
7183.KL,Ire-Tex Corp. Bhd,7183.KL
7174@BN.KL,7174@BN.KL,7174@BN.KL
7155.KL,SKP Resources Bhd,7155.KL
7148.KL,CCM Duopharma Biotech Berhad,7148.KL
7139.KL,Niche Capital Emas Holdings Berhad,7139.KL
7132.KL,SMIS Corp. Bhd,7132.KL
7126.KL,London Biscuits Bhd,7126.KL
7123.KL,Priceworth International Berhad,7123.KL
7114.KL,D Nonce Technology Bhd,7114.KL
7110@OM.KL,7110@OM.KL,7110@OM.KL
7091.KL,Unimech Group Bhd,7091.KL
7089.KL,Lii Hen Industries Berhad,7089.KL
7085.KL,LTKM Bhd,7085.KL
7082@BN.KL,7082@BN.KL,7082@BN.KL
7082.KL,SYF Resources Bhd,7082.KL
7081.KL,Pharmaniaga Bhd,7081.KL
7060.KL,New Hoong Fatt Holdings Bhd,7060.KL
7045.KL,Scomi Energy Services Bhd,7045.KL
7034.KL,Thong Guan Industries Bhd,7034.KL
7022@BN.KL,7022@BN.KL,7022@BN.KL
7018@BN.KL,7018@BN.KL,7018@BN.KL
7016.KL,Chuan Huat Resources Bhd,7016.KL
7002.KL,Nakamichi Corp. Bhd,7002.KL
6459.KL,MNRB Holdings Berhad,6459.KL
6181.KL,Malton Bhd,6181.KL
5959.KL,A & M Realty Berhad,5959.KL
5932.KL,Bina Puri Holdings Bhd,5932.KL
5738.KL,Country Heights Holdings Berhad,5738.KL
5703.KL,Muhibbah Engineering M Bhd,5703.KL
5681.KL,Petronas Dagangan Bhd,5681.KL
5673.KL,Ipmuda Berhad,5673.KL
5665.KL,Southern Steel Berhad,5665.KL
5614.KL,Integrated Logistics Bhd,5614.KL
5592.KL,Grand Central Enterprises Bhd,5592.KL
5576.KL,Minho M Bhd,5576.KL
5517.KL,Shangri-La Hotels Malaysia Bhd,5517.KL
5509.KL,NCB Holdings Bhd,5509.KL
5147@OM.KL,SAMCHEM HOLDINGS BERHAD,5147@OM.KL
5141@BN.KL,5141@BN.KL,5141@BN.KL
5092@BN.KL,5092@BN.KL,5092@BN.KL
5092.KL,LCTH Corp. Bhd,5092.KL
5084.KL,Ibraco Berhad,5084.KL
5082.KL,Cymao Holdings Berhad,5082.KL
5041.KL,PBA Holdings Bhd,5041.KL
5024.KL,Hup Seng Industries Bhd,5024.KL
5018.KL,Hunza Properties Berhad,5018.KL
5006.KL,Merge Energy Bhd,5006.KL
5001.KL,Mieco Chipboard Bhd,5001.KL
4634.KL,Pos Malaysia Berhad,4634.KL
4596.KL,Sapura Resources Berhad,4596.KL
4405.KL,Tan Chong Motor Holdings Bhd,4405.KL
4197.KL,Sime Darby Berhad,4197.KL
4081.KL,Pan Malaysia Corporation Berhad,4081.KL
3905.KL,Mulpha International Bhd,3905.KL
3778.KL,Melewar Industrial Group Berhad,3778.KL
3557.KL,Ecofirst Consolidated Bhd,3557.KL
3514.KL,Marco Holdings Berhad,3514.KL
3336.KL,IJM Corporation Berhad,3336.KL
3182.KL,Genting Berhad,3182.KL
3107.KL,Fima Corp. Bhd,3107.KL
2828.KL,CI Holdings Bhd,2828.KL
2224.KL,Selangor Dredging Bhd,2224.KL
2097.KL,EastLand Equity Bhd,2097.KL
2062.KL,Harbour-Link Group Berhad,2062.KL
2054.KL,TDM Berhad,2054.KL
1929.KL,Chin Teck Plantations Berhad,1929.KL
1724.KL,Paramount Corporation Berhad,1724.KL
1597.KL,IGB Corp. Bhd,1597.KL
1503.KL,GuocoLand (Malaysia) Berhad,1503.KL
0175.KL,HENG HUAT RESOURCES GROUP BHD,0175.KL
0106.KL,REXIT BHD,0106.KL
0091.KL,DAYA MATERIALS BHD,0091.KL
0078.KL,GD EXPRESS CARRIER BHD,0078.KL
0059.KL,M-MODE BHD,0059.KL
0043.KL,METRONIC GLOBAL BHD,0043.KL
0010@BN.KL,0010@BN.KL,0010@BN.KL
0010.KL,IRIS CORPORATION BHD,0010.KL
3174.KL,Land & General Bhd,3174.KL
4634@BN.KL,4634@BN.KL,4634@BN.KL
5091@BN.KL,5091@BN.KL,5091@BN.KL
7501@BN.KL,7501@BN.KL,7501@BN.KL
6912.KL,Pasdec Holdings Bhd,6912.KL
3948.KL,DutaLand Berhad,3948.KL
7081@BN.KL,7081@BN.KL,7081@BN.KL
0155@OM.KL,MSIAN GENOMICS RES CENTRE BHD,0155@OM.KL
4286.KL,Seal Inc. Bhd,4286.KL
0120@BN.KL,0120@BN.KL,0120@BN.KL
0064.KL,EFFICIENT E-SOLUTIONS BHD,0064.KL
2135.KL,Gopeng Bhd,2135.KL
9423.KL,Chee Wah Corp. Bhd,9423.KL
0001.KL,SUPERCOMNET TECHNOLOGIES BHD,0001.KL
2194.KL,MMC Corporation Bhd,2194.KL
4375@BN.KL,4375@BN.KL,4375@BN.KL
2097@BN.KL,2097@BN.KL,2097@BN.KL
2216.KL,IJM Plantations Berhad,2216.KL
7172@BN.KL,7172@BN.KL,7172@BN.KL
1899@BN.KL,1899@BN.KL,1899@BN.KL
7100.KL,Uchi Technologies Berhad,7100.KL
2062@BN.KL,2062@BN.KL,2062@BN.KL
7141.KL,Huat Lai Resources Bhd,7141.KL
5622@BN.KL,5622@BN.KL,5622@BN.KL
7229@BN.KL,7229@BN.KL,7229@BN.KL
5077.KL,Malaysian Bulk Carriers Bhd.,5077.KL
6807.KL,Puncak Niaga Holdings Berhad,6807.KL
6238@BN.KL,6238@BN.KL,6238@BN.KL
6068.KL,PCCS Group Bhd,6068.KL
9059@BN.KL,9059@BN.KL,9059@BN.KL
7117@BN.KL,7117@BN.KL,7117@BN.KL
0155.KL,MSIAN GENOMICS RES CENTRE BHD,0155.KL
5135@BN.KL,5135@BN.KL,5135@BN.KL
7106@BN.KL,7106@BN.KL,7106@BN.KL
5026@BN.KL,5026@BN.KL,5026@BN.KL
7114@BN.KL,7114@BN.KL,7114@BN.KL
7248@BN.KL,7248@BN.KL,7248@BN.KL
5754.KL,Utusan Melayu Malaysia Bhd,5754.KL
7106.KL,Supermax Corporation Berhad,7106.KL
3662.KL,Malayan Flour Mills Bhd,3662.KL
2836@BN.KL,2836@BN.KL,2836@BN.KL
5231.KL,Pelikan International Corporation Berhad,5231.KL
9369.KL,Teo Guan Lee Corp. Bhd,9369.KL
7239@BN.KL,7239@BN.KL,7239@BN.KL
0029.KL,DIGISTAR CORPORATION BHD,0029.KL
6203.KL,Khee San Berhad,6203.KL
4243@BN.KL,4243@BN.KL,4243@BN.KL
0082@BN.KL,0082@BN.KL,0082@BN.KL
8079@BN.KL,8079@BN.KL,8079@BN.KL
5056.KL,Engtex Group Bhd,5056.KL
5000.KL,Hume Industries Berhad,5000.KL
0022@BN.KL,0022@BN.KL,0022@BN.KL
7218@OM.KL,7218@OM.KL,7218@OM.KL
5009@OM.KL,5009@OM.KL,5009@OM.KL
0049@BN.KL,0049@BN.KL,0049@BN.KL
1899.KL,Batu Kawan Berhad,1899.KL
8486.KL,Lion Forest Industries Berhad,8486.KL
5133@BN.KL,5133@BN.KL,5133@BN.KL
3298@BN.KL,3298@BN.KL,3298@BN.KL
3913.KL,MUI Properties Berhad,3913.KL
7528@BN.KL,7528@BN.KL,7528@BN.KL
7160.KL,Pentamaster Corp. Bhd,7160.KL
7197@BN.KL,7197@BN.KL,7197@BN.KL
3557@BN.KL,3557@BN.KL,3557@BN.KL
5054.KL,TRC Synergy Bhd,5054.KL
6904.KL,Subur Tiasa Holdings Bhd,6904.KL
0083@BN.KL,0083@BN.KL,0083@BN.KL
5126@BN.KL,5126@BN.KL,5126@BN.KL
0103@BN.KL,0103@BN.KL,0103@BN.KL
3581@BN.KL,3581@BN.KL,3581@BN.KL
5168@BN.KL,5168@BN.KL,5168@BN.KL
8494@BN.KL,8494@BN.KL,8494@BN.KL
0091@BN.KL,0091@BN.KL,0091@BN.KL
9199@BN.KL,9199@BN.KL,9199@BN.KL
4464@BN.KL,4464@BN.KL,4464@BN.KL
6718@BN.KL,6718@BN.KL,6718@BN.KL
4359.KL,Turiya Berhad,4359.KL
5258.KL,BIMB Holdings Berhad,5258.KL
0102@BN.KL,0102@BN.KL,0102@BN.KL
7111.KL,Weida (M) Bhd.,7111.KL
9393.KL,Industronics Bhd,9393.KL
5207@BN.KL,5207@BN.KL,5207@BN.KL
5079.KL,KBES Bhd.,5079.KL
0007.KL,PUC BERHAD,0007.KL
0084.KL,TECHFAST HOLDINGS BHD,0084.KL
0168.KL,BOILERMECH HOLDINGS BHD,0168.KL
7172.KL,PMB Technology Bhd,7172.KL
7179.KL,DBE Gurney Resources Bhd,7179.KL
0043@BN.KL,0043@BN.KL,0043@BN.KL
0032.KL,REDTONE INTERNATIONAL BHD,0032.KL
7096@BN.KL,7096@BN.KL,7096@BN.KL
7137@BN.KL,7137@BN.KL,7137@BN.KL
5592@BN.KL,5592@BN.KL,5592@BN.KL
7158.KL,Scomi Group Bhd,7158.KL
5073@BN.KL,5073@BN.KL,5073@BN.KL
0132@BN.KL,0132@BN.KL,0132@BN.KL
9334.KL,KESM Industries Bhd,9334.KL
5035@BN.KL,5035@BN.KL,5035@BN.KL
5054@BN.KL,5054@BN.KL,5054@BN.KL
7139@BN.KL,7139@BN.KL,7139@BN.KL
3913@BN.KL,3913@BN.KL,3913@BN.KL
5789@BN.KL,5789@BN.KL,5789@BN.KL
5517@BN.KL,5517@BN.KL,5517@BN.KL
0021@BN.KL,0021@BN.KL,0021@BN.KL
8567@BN.KL,8567@BN.KL,8567@BN.KL
5606@BN.KL,5606@BN.KL,5606@BN.KL
9113.KL,Sanbumi Holdings Berhad,9113.KL
7154.KL,Caely Holdings Bhd,7154.KL
4588@BN.KL,4588@BN.KL,4588@BN.KL
7191@BN.KL,7191@BN.KL,7191@BN.KL
8524.KL,Taliworks Corporation Berhad,8524.KL
7176.KL,TPC Plus Berhad,7176.KL
3042@BN.KL,3042@BN.KL,3042@BN.KL
0026@BN.KL,0026@BN.KL,0026@BN.KL
7062.KL,Khind Holdings Bhd,7062.KL
8664.KL,S P Setia Berhad,8664.KL
9962@BN.KL,9962@BN.KL,9962@BN.KL
2453@BN.KL,2453@BN.KL,2453@BN.KL
6874@BN.KL,6874@BN.KL,6874@BN.KL
3026@BN.KL,3026@BN.KL,3026@BN.KL
5223.KL,Mentiga Corporation Berhad,5223.KL
5703@BN.KL,5703@BN.KL,5703@BN.KL
0175@DB.KL,0175@DB.KL,0175@DB.KL
3247@BN.KL,3247@BN.KL,3247@BN.KL
6521@BN.KL,6521@BN.KL,6521@BN.KL
5983@BN.KL,5983@BN.KL,5983@BN.KL
4936@OM.KL,4936@OM.KL,4936@OM.KL
7137.KL,UMS Holdings Berhad,7137.KL
5020.KL,Glomac Berhad,5020.KL
0005.KL,PALETTE MULTIMEDIA BHD,0005.KL
4995@BN.KL,4995@BN.KL,4995@BN.KL
7163@BN.KL,7163@BN.KL,7163@BN.KL
7113@BN.KL,7113@BN.KL,7113@BN.KL
5112@BN.KL,5112@BN.KL,5112@BN.KL
6718.KL,Crescendo Corporation Berhad,6718.KL
5147.KL,Samchem Holdings Bhd,5147.KL
8761.KL,Brem Holding Berhad,8761.KL
5932@BN.KL,5932@BN.KL,5932@BN.KL
8893.KL,M K Land Holdings Berhad,8893.KL
0102.KL,CONNECTCOUNTY HOLDINGS BHD,0102.KL
6076.KL,EnCorp. Bhd,6076.KL
5125@BN.KL,5125@BN.KL,5125@BN.KL
8141@BN.KL,8141@BN.KL,8141@BN.KL
7013.KL,Hubline Bhd,7013.KL
7005.KL,BIG Industries Berhad,7005.KL
7173.KL,Toyo Ink Group Berhad,7173.KL
7219@BN.KL,7219@BN.KL,7219@BN.KL
2038.KL,Negri Sembilan Oil Palms Berhad,2038.KL
5071.KL,Coastal Contracts Bhd,5071.KL
0109@BN.KL,0109@BN.KL,0109@BN.KL
0168@BN.KL,0168@BN.KL,0168@BN.KL
2542.KL,"Riverview Rubber Estates, Berhad",2542.KL
0109.KL,SC ESTATE BUILDER BERHAD,0109.KL
9342@BN.KL,9342@BN.KL,9342@BN.KL
0050@BN.KL,0050@BN.KL,0050@BN.KL
5025.KL,NWP Holdings Berhad,5025.KL
5036.KL,Edaran Berhad,5036.KL
7232.KL,Resintech Bhd,7232.KL
8141PA.KL,MAJUPERAK HOLDINGS BHD-ICPS,8141PA.KL
9091.KL,Emico Holdings Berhad,9091.KL
7197.KL,GE-Shen Corporation Berhad,7197.KL
2194@BN.KL,2194@BN.KL,2194@BN.KL
4006@BN.KL,4006@BN.KL,4006@BN.KL
7077.KL,GSB Group Berhad,7077.KL
3921.KL,MWE Holdings Bhd,3921.KL
8907.KL,EG Industries Berhad,8907.KL
0174@BN.KL,0174@BN.KL,0174@BN.KL
7205@BN.KL,7205@BN.KL,7205@BN.KL
5258@BN.KL,5258@BN.KL,5258@BN.KL
5105@BN.KL,5105@BN.KL,5105@BN.KL
7205.KL,Cocoaland Holdings Bhd,7205.KL
4847.KL,Konsortium Transnasional Bhd,4847.KL
6041.KL,Farlim Group Malaysia Bhd,6041.KL
7803.KL,Rubberex Corp. M Bhd,7803.KL
5024@BN.KL,5024@BN.KL,5024@BN.KL
7173@BN.KL,7173@BN.KL,7173@BN.KL
0111.KL,K-ONE TECHNOLOGY BHD,0111.KL
3204@BN.KL,3204@BN.KL,3204@BN.KL
9873.KL,Prestar Resources Bhd,9873.KL
5037@BN.KL,5037@BN.KL,5037@BN.KL
0090.KL,ELSOFT RESEARCH BHD,0090.KL
0006@BN.KL,0006@BN.KL,0006@BN.KL
2224@BN.KL,2224@BN.KL,2224@BN.KL
5040@BN.KL,5040@BN.KL,5040@BN.KL
8982@BN.KL,8982@BN.KL,8982@BN.KL
5101@BN.KL,5101@BN.KL,5101@BN.KL
0108.KL,N2N CONNECT BHD,0108.KL
7199.KL,Kein Hing International Bhd,7199.KL
3417@BN.KL,3417@BN.KL,3417@BN.KL
4448@BN.KL,4448@BN.KL,4448@BN.KL
5649.KL,Golden Pharos Bhd,5649.KL
5005@BN.KL,5005@BN.KL,5005@BN.KL
0101@BN.KL,0101@BN.KL,0101@BN.KL
5183@BN.KL,5183@BN.KL,5183@BN.KL
9539.KL,Multi-Usage Holdings Bhd,9539.KL
7187.KL,Boon Koon Group Berhad,7187.KL
5027@BN.KL,5027@BN.KL,5027@BN.KL
6076@BN.KL,6076@BN.KL,6076@BN.KL
7200.KL,Tek Seng Holdings Bhd,7200.KL
7170.KL,LFE Corp. Bhd,7170.KL
5146.KL,Perwaja Holdings Bhd,5146.KL
5068.KL,Luster Industries Bhd,5068.KL
3301@BN.KL,3301@BN.KL,3301@BN.KL
2828@BN.KL,2828@BN.KL,2828@BN.KL
0020@BN.KL,0020@BN.KL,0020@BN.KL
8044.KL,Computer Forms Malaysia Bhd,8044.KL
0174.KL,iDIMENSION CONSOLIDATED BHD,0174.KL
7247@BN.KL,7247@BN.KL,7247@BN.KL
5028.KL,Heitech Padu Bhd,5028.KL
0028.KL,SCOPE INDUSTRIES BHD,0028.KL
7133@BN.KL,7133@BN.KL,7133@BN.KL
7180.KL,Sern Kou Resources Bhd,7180.KL
5065@BN.KL,5065@BN.KL,5065@BN.KL
7060@BN.KL,7060@BN.KL,7060@BN.KL
7854.KL,Timberwell Bhd,7854.KL
9334@BN.KL,9334@BN.KL,9334@BN.KL
3174@BN.KL,3174@BN.KL,3174@BN.KL
5000@BN.KL,5000@BN.KL,5000@BN.KL
7174.KL,CAB Cakaran Corp. Bhd,7174.KL
7323@BN.KL,7323@BN.KL,7323@BN.KL
6971.KL,Kobay Technology Bhd.,6971.KL
7128.KL,Cam Resources Bhd,7128.KL
9407.KL,Paragon Union Bhd,9407.KL
4375.KL,South Malaysia Industries Bhd,4375.KL
4944.KL,Nylex (Malaysia) Berhad,4944.KL
2429@BN.KL,2429@BN.KL,2429@BN.KL
7179@BN.KL,7179@BN.KL,7179@BN.KL
7085@BN.KL,7085@BN.KL,7085@BN.KL
6211@BN.KL,6211@BN.KL,6211@BN.KL
7208@BN.KL,7208@BN.KL,7208@BN.KL
0012@BN.KL,0012@BN.KL,0012@BN.KL
7528.KL,DKLS Industries Bhd,7528.KL
0094@BN.KL,0094@BN.KL,0094@BN.KL
5673@BN.KL,5673@BN.KL,5673@BN.KL
7193.KL,Biosis Group Berhad.,7193.KL
7277@BN.KL,7277@BN.KL,7277@BN.KL
2208@BN.KL,2208@BN.KL,2208@BN.KL
7227@BN.KL,7227@BN.KL,7227@BN.KL
5355.KL,Daiman Development Bhd,5355.KL
2593.KL,United Malacca Berhad,2593.KL
8869@BN.KL,8869@BN.KL,8869@BN.KL
8761@BN.KL,8761@BN.KL,8761@BN.KL
6483@BN.KL,6483@BN.KL,6483@BN.KL
7213@BN.KL,7213@BN.KL,7213@BN.KL
2208.KL,Petaling Tin Berhad,2208.KL
5100.KL,BP Plastics Holding Bhd,5100.KL
7006.KL,Latitude Tree Holdings Bhd,7006.KL
7199@BN.KL,7199@BN.KL,7199@BN.KL
3573@BN.KL,3573@BN.KL,3573@BN.KL
5010.KL,Tong Herr Resources Bhd,5010.KL
0120.KL,VISDYNAMICS HOLDINGS BHD,0120.KL
1201@BN.KL,1201@BN.KL,1201@BN.KL
2135@BN.KL,2135@BN.KL,2135@BN.KL
0021.KL,GHL SYSTEMS BHD,0021.KL
8907@BN.KL,8907@BN.KL,8907@BN.KL
7017@BN.KL,7017@BN.KL,7017@BN.KL
0020.KL,NETX HOLDINGS BHD,0020.KL
8834@BN.KL,8834@BN.KL,8834@BN.KL
2968.KL,Golden Plus Holdings Bhd,2968.KL
7773@BN.KL,7773@BN.KL,7773@BN.KL
7133.KL,United U-LI Corporation Berhad,7133.KL
9687.KL,Ideal United Bintang Berhad,9687.KL
9121@BN.KL,9121@BN.KL,9121@BN.KL
5657@BN.KL,5657@BN.KL,5657@BN.KL
0022.KL,CYBERTOWERS BHD,0022.KL
6173.KL,Bina Darulaman Bhd,6173.KL
5242@BN.KL,5242@BN.KL,5242@BN.KL
3247.KL,GUH Holdings Berhad,3247.KL
9997@BN.KL,9997@BN.KL,9997@BN.KL
1066@BN.KL,1066@BN.KL,1066@BN.KL
0051.KL,CUSCAPI BHD,0051.KL
9792.KL,SEG International Bhd,9792.KL
9792@BN.KL,9792@BN.KL,9792@BN.KL
7198@BN.KL,7198@BN.KL,7198@BN.KL
5028@BN.KL,5028@BN.KL,5028@BN.KL
5032.KL,Bintulu Port Holdings Bhd,5032.KL
5020@BN.KL,5020@BN.KL,5020@BN.KL
0110.KL,R&A TELECOMMUNICATION GRP BHD,0110.KL
7103.KL,Spritzer Bhd.,7103.KL
8192@BN.KL,8192@BN.KL,8192@BN.KL
7164@BN.KL,7164@BN.KL,7164@BN.KL
3514@BN.KL,3514@BN.KL,3514@BN.KL
7123@BN.KL,7123@BN.KL,7123@BN.KL
4286@BN.KL,SEAL INCORPORATED BHD,4286@BN.KL
1643@BN.KL,1643@BN.KL,1643@BN.KL
0059@BN.KL,0059@BN.KL,0059@BN.KL
4316@BN.KL,4316@BN.KL,4316@BN.KL
1082.KL,Hong Leong Financial Group Berhad,1082.KL
8141.KL,Majuperak Holdings Bhd,8141.KL
7221.KL,BSL Corp. Bhd,7221.KL
7033@BN.KL,7033@BN.KL,7033@BN.KL
2887@BN.KL,2887@BN.KL,2887@BN.KL
7160@BN.KL,7160@BN.KL,7160@BN.KL
2089@BN.KL,2089@BN.KL,2089@BN.KL
5053.KL,OSK Holdings Berhad,5053.KL
0101.KL,TMC LIFE SCIENCES BHD,0101.KL
0037@BN.KL,0037@BN.KL,0037@BN.KL
7617.KL,Magna Prima Bhd,7617.KL
8338.KL,Dataprep Holdings Bhd,8338.KL
2771.KL,Boustead Holdings Bhd,2771.KL
0092@BN.KL,0092@BN.KL,0092@BN.KL
8443.KL,HIL Industries Bhd,8443.KL
8745@BN.KL,8745@BN.KL,8745@BN.KL
3441@BN.KL,3441@BN.KL,3441@BN.KL
9881.KL,Leader Steel Holdings Bhd,9881.KL
2445@BN.KL,2445@BN.KL,2445@BN.KL
7100@BN.KL,7100@BN.KL,7100@BN.KL
6033@BN.KL,6033@BN.KL,6033@BN.KL
0079.KL,ORION IXL BERHAD,0079.KL
7099@BN.KL,7099@BN.KL,7099@BN.KL
7223@BN.KL,7223@BN.KL,7223@BN.KL
0064@BN.KL,0064@BN.KL,0064@BN.KL
9717@BN.KL,9717@BN.KL,9717@BN.KL
7183@BN.KL,7183@BN.KL,7183@BN.KL
7080.KL,Permaju Industries Bhd,7080.KL
0136@BN.KL,0136@BN.KL,0136@BN.KL
5026.KL,MHC Plantations Bhd,5026.KL
8966@BN.KL,8966@BN.KL,8966@BN.KL
6139.KL,Syarikat Takaful Malaysia Bhd,6139.KL
5253@DB.KL,5253@DB.KL,5253@DB.KL
0026.KL,NOVA MSC BHD,0026.KL
3476@BN.KL,3476@BN.KL,3476@BN.KL
2054@BN.KL,2054@BN.KL,2054@BN.KL
5132@BN.KL,5132@BN.KL,5132@BN.KL
0075.KL,MEXTER TECHNOLOGY BHD,0075.KL
0126.KL,MICROLINK SOLUTIONS BHD,0126.KL
5236@BN.KL,5236@BN.KL,5236@BN.KL
5080@BN.KL,5080@BN.KL,5080@BN.KL
7095.KL,PIE Industrial Bhd,7095.KL
1694.KL,Menang Corp. M Bhd,1694.KL
6254.KL,PDZ Holdings Bhd,6254.KL
0007@BN.KL,0007@BN.KL,0007@BN.KL
6254@BN.KL,6254@BN.KL,6254@BN.KL
5145.KL,Sealink International Bhd,5145.KL
5100@BN.KL,5100@BN.KL,5100@BN.KL
0094.KL,INIX TECHNOLOGIES HOLDINGS BHD,0094.KL
7025.KL,Woodlandor Holdings Bhd,7025.KL
7285@BN.KL,7285@BN.KL,7285@BN.KL
7053.KL,See Hup Consolidated Berhad,7053.KL
5069.KL,Bld Plantation Bhd,5069.KL
4596@BN.KL,4596@BN.KL,4596@BN.KL
9962.KL,Gromutual Bhd,9962.KL
8621.KL,LPI Capital Bhd,8621.KL
5095@BN.KL,5095@BN.KL,5095@BN.KL
5047.KL,NPC Resources Bhd,5047.KL
0128@BN.KL,0128@BN.KL,0128@BN.KL
7412.KL,SHH Resources Holdings Bhd,7412.KL
7134@BN.KL,7134@BN.KL,7134@BN.KL
5072.KL,Hiap Teck Venture Bhd,5072.KL
7111@BN.KL,7111@BN.KL,7111@BN.KL
4898.KL,TA Enterprise Berhad,4898.KL
2887.KL,Lion Diversified Holdings Berhad.,2887.KL
9237@BN.KL,9237@BN.KL,9237@BN.KL
3034@BN.KL,3034@BN.KL,3034@BN.KL
0155@BN.KL,0155@BN.KL,0155@BN.KL
7943.KL,Sand Nisko Capital Berhad,7943.KL
9938.KL,Bright Packaging Industry Bhd,9938.KL
2143@BN.KL,2143@BN.KL,2143@BN.KL
7188@BN.KL,7188@BN.KL,7188@BN.KL
7089@BN.KL,7089@BN.KL,7089@BN.KL
1996@BN.KL,1996@BN.KL,1996@BN.KL
6548.KL,Malaysia Pacific Corporation Berhad,6548.KL
5711.KL,The Store Corporation Berhad,5711.KL
7094.KL,Eurospan Holdings Bhd,7094.KL
8931@BN.KL,8931@BN.KL,8931@BN.KL
0011.KL,BRITE-TECH BHD,0011.KL
2852.KL,Cahya Mata Sarawak Bhd,2852.KL
7366.KL,Scomi Engineering Bhd.,7366.KL
5016@BN.KL,5016@BN.KL,5016@BN.KL
5819@BN.KL,5819@BN.KL,5819@BN.KL
7155@BN.KL,7155@BN.KL,7155@BN.KL
7027.KL,Petrol One Resources Berhad,7027.KL
7025@BN.KL,7025@BN.KL,7025@BN.KL
8192.KL,Mercury Industries Bhd,8192.KL
5073.KL,Naim Holdings Berhad,5073.KL
4707@BN.KL,4707@BN.KL,4707@BN.KL
5113@BN.KL,5113@BN.KL,5113@BN.KL
9288@BN.KL,9288@BN.KL,9288@BN.KL
6238.KL,Hock Seng Lee Bhd,6238.KL
2593@BN.KL,2593@BN.KL,2593@BN.KL
7119.KL,Degem Bhd,7119.KL
8362@BN.KL,8362@BN.KL,8362@BN.KL
7010.KL,Grand Hoover Berhad,7010.KL
8869.KL,Press Metal Bhd,8869.KL
5878@BN.KL,5878@BN.KL,5878@BN.KL
7143.KL,Stone Master Corporation Berhad,7143.KL
3883@BN.KL,3883@BN.KL,3883@BN.KL
9393@BN.KL,9393@BN.KL,9393@BN.KL
3115@BN.KL,3115@BN.KL,3115@BN.KL
6491@BN.KL,6491@BN.KL,6491@BN.KL
9539@OM.KL,9539@OM.KL,9539@OM.KL
4995.KL,Versatile Creative Berhad,4995.KL
5071@BN.KL,5071@BN.KL,5071@BN.KL
0141.KL,WINTONI GROUP BHD,0141.KL
7033.KL,Kumpulan H & L High-Tech Berhad,7033.KL
5079@BN.KL,5079@BN.KL,5079@BN.KL
7218@BN.KL,7218@BN.KL,7218@BN.KL
0136.KL,GREENYIELD BHD,0136.KL
7233@BN.KL,7233@BN.KL,7233@BN.KL
6459@BN.KL,6459@BN.KL,6459@BN.KL
1597@BN.KL,1597@BN.KL,1597@BN.KL
5371@BN.KL,5371@BN.KL,5371@BN.KL
7190.KL,Pelangi Publishing Group Bhd,7190.KL
3484.KL,Damansara Realty Bhd,3484.KL
5222@BN.KL,5222@BN.KL,5222@BN.KL
9407@BN.KL,9407@BN.KL,9407@BN.KL
5827.KL,Oriental Interest Bhd,5827.KL
0111@BN.KL,0111@BN.KL,0111@BN.KL
5606.KL,Goldis Berhad,5606.KL
5102.KL,Guan Chong Bhd.,5102.KL
7207@BN.KL,7207@BN.KL,7207@BN.KL
9318@BN.KL,9318@BN.KL,9318@BN.KL
3034.KL,Hap Seng Consolidated Berhad,3034.KL
8478@BN.KL,8478@BN.KL,8478@BN.KL
6815.KL,Eupe Corp. Bhd,6815.KL
0089.KL,TEX CYCLE TECHNOLOGY (M) BHD,0089.KL
5143.KL,Luxchem Corporation Bhd,5143.KL
7017@OM.KL,7017@OM.KL,7017@OM.KL
0032@BN.KL,0032@BN.KL,0032@BN.KL
0148.KL,SUNZEN BIOTECH BHD,0148.KL
7045@BN.KL,7045@BN.KL,7045@BN.KL
7006@BN.KL,7006@BN.KL,7006@BN.KL
0099.KL,SCICOM (MSC) BHD,0099.KL
5098.KL,Malaysia Steel Works (KL) Bhd.,5098.KL
1287.KL,Pan Malaysia Holdings Bhd,1287.KL
0132.KL,TECHNODEX BHD,0132.KL
3573.KL,Lien Hoe Corp. Bhd,3573.KL
5091.KL,Ekowood International Bhd,5091.KL
7153@BN.KL,7153@BN.KL,7153@BN.KL
0100.KL,ES CERAMICS TECHNOLOGY BHD,0100.KL
1929@BN.KL,1929@BN.KL,1929@BN.KL
2186.KL,Kuchai Development Bhd,2186.KL
3298.KL,Hexza Corporation Berhad,3298.KL
6491.KL,Kumpulan Fima Bhd,6491.KL
5622.KL,Triplc Berhad,5622.KL
7149.KL,Eng Kah Corporation Berhad,7149.KL
5533@BN.KL,5533@BN.KL,5533@BN.KL
9199.KL,Lysaght Galvanized Steel Bhd,9199.KL
7055.KL,PLB Engineering Bhd,7055.KL
5614@BN.KL,5614@BN.KL,5614@BN.KL
7161@BN.KL,7161@BN.KL,7161@BN.KL
5347@BN.KL,5347@BN.KL,5347@BN.KL
0160@BN.KL,0160@BN.KL,0160@BN.KL
7188.KL,BTM Resources Berhad,7188.KL
5158@BN.KL,5158@BN.KL,5158@BN.KL
8044@BN.KL,8044@BN.KL,8044@BN.KL
7439.KL,Teck Guan Perdana Bhd,7439.KL
0160.KL,HIAP HUAT HOLDINGS BHD,0160.KL
7935.KL,Milux Corporation Berhad,7935.KL
4936@BN.KL,4936@BN.KL,4936@BN.KL
3662@BN.KL,3662@BN.KL,3662@BN.KL
7668@BN.KL,7668@BN.KL,7668@BN.KL
1724@BN.KL,1724@BN.KL,1724@BN.KL
0022@OM.KL,0022@OM.KL,0022@OM.KL
7087@BN.KL,7087@BN.KL,7087@BN.KL
5040.KL,Meda Inc. Bhd,5040.KL
5053@BN.KL,5053@BN.KL,5053@BN.KL
5959@BN.KL,5959@BN.KL,5959@BN.KL
7211@BN.KL,7211@BN.KL,7211@BN.KL
0113.KL,MMS VENTURES BHD,0113.KL
0146@OM.KL,0146@OM.KL,0146@OM.KL
3018.KL,Olympia Industries Berhad,3018.KL
5886.KL,Mintye Industries Bhd,5886.KL
6297@BN.KL,6297@BN.KL,6297@BN.KL
5135.KL,SARAWAK Plantation Bhd,5135.KL
0037.KL,RGB INTERNATIONAL BHD,0037.KL
5011.KL,Mesiniaga Bhd,5011.KL
5008.KL,Harrisons Holdings (Malaysia) Berhad,5008.KL
3689@BN.KL,FRASER & NEAVE HOLDINGS BHD,3689@BN.KL
5005.KL,Unisem (M) Berhad,5005.KL
6637.KL,PNE PCB Bhd,6637.KL
7052@BN.KL,7052@BN.KL,7052@BN.KL
5657.KL,Parkson Holdings Berhad,5657.KL
6963@BN.KL,6963@BN.KL,6963@BN.KL
0070@BN.KL,0070@BN.KL,0070@BN.KL
7180@BN.KL,7180@BN.KL,7180@BN.KL
5087@BN.KL,5087@BN.KL,5087@BN.KL
7149@BN.KL,7149@BN.KL,7149@BN.KL
0065@BN.KL,0065@BN.KL,0065@BN.KL
3565@BN.KL,3565@BN.KL,3565@BN.KL
7501.KL,Harn Len Corporation Bhd,7501.KL
4502@BN.KL,4502@BN.KL,4502@BN.KL
7209@BN.KL,7209@BN.KL,7209@BN.KL
2739.KL,Sino Hua-An International Bhd,2739.KL
0001@BN.KL,0001@BN.KL,0001@BN.KL
4588.KL,UMW Holdings Bhd,4588.KL
9237.KL,Sarawak Consolidated Industries Berhad,9237.KL
0035.KL,OPCOM HOLDINGS BHD,0035.KL
6963.KL,VS Industry Berhad,6963.KL
7228.KL,Tanjung Offshore Bhd,7228.KL
3816.KL,MISC Berhad,3816.KL
5037.KL,Compugates Holdings Berhad,5037.KL
7617@BN.KL,7617@BN.KL,7617@BN.KL
4219@BN.KL,4219@BN.KL,4219@BN.KL
6017@BN.KL,6017@BN.KL,6017@BN.KL
0147.KL,INNITY CORPORATION BHD,0147.KL
9008.KL,Omesti Berhad,9008.KL
8583@BN.KL,8583@BN.KL,8583@BN.KL
9261@BN.KL,9261@BN.KL,9261@BN.KL
6297.KL,Box-Pak Malaysia Bhd,6297.KL
0038.KL,PLASTRADE TECHNOLOGY BHD,0038.KL
4006.KL,Oriental Holdings Bhd,4006.KL
0092.KL,MTOUCHE TECHNOLOGY BHD,0092.KL
0138@BN.KL,0138@BN.KL,0138@BN.KL
7096.KL,GPA Holdings Bhd,7096.KL
7167@BN.KL,7167@BN.KL,7167@BN.KL
1783.KL,Selangor Properties Bhd,1783.KL
6998.KL,Bintai Kinden Corp. Bhd,6998.KL
8834.KL,Ireka Corp. Bhd,8834.KL
5035.KL,Knusford Bhd,5035.KL
5835.KL,Dolomite Corporation Berhad,5835.KL
7189.KL,MB World Group Berhad,7189.KL
0023.KL,IFCA MSC BHD,0023.KL
3336@BN.KL,3336@BN.KL,3336@BN.KL
8664@BN.KL,8664@BN.KL,8664@BN.KL
5142@BN.KL,5142@BN.KL,5142@BN.KL
5041@BN.KL,5041@BN.KL,5041@BN.KL
5145@BN.KL,5145@BN.KL,5145@BN.KL
4316.KL,Sin Heng Chan (Malaya) Berhad,4316.KL
0065.KL,EXCEL FORCE MSC BHD,0065.KL
2216@BN.KL,2216@BN.KL,2216@BN.KL
7226@BN.KL,7226@BN.KL,7226@BN.KL
2755.KL,FCW Holdings Bhd,2755.KL
8486@BN.KL,8486@BN.KL,8486@BN.KL
5231@BN.KL,5231@BN.KL,5231@BN.KL
3379@BN.KL,3379@BN.KL,3379@BN.KL
6139@BN.KL,6139@BN.KL,6139@BN.KL
7036@BN.KL,7036@BN.KL,7036@BN.KL
1171@BN.KL,1171@BN.KL,1171@BN.KL
0085.KL,MLABS SYSTEMS BHD,0085.KL
5029.KL,Far East Holdings Bhd,5029.KL
9601.KL,Ho Wah Genting Bhd,9601.KL
5072@BN.KL,5072@BN.KL,5072@BN.KL
7047@BN.KL,7047@BN.KL,7047@BN.KL
9717.KL,Sycal Ventures Berhad,9717.KL
3611@BN.KL,3611@BN.KL,3611@BN.KL
7145.KL,Prinsiptek Corp. Bhd,7145.KL
7216@BN.KL,7216@BN.KL,7216@BN.KL
8885@BN.KL,8885@BN.KL,8885@BN.KL
8338@BN.KL,8338@BN.KL,8338@BN.KL
0049.KL,OCEANCASH PACIFIC BHD,0049.KL
7811@BN.KL,7811@BN.KL,7811@BN.KL
7036.KL,Borneo Oil Berhad,7036.KL
5009.KL,White Horse Bhd,5009.KL
6181@BN.KL,6181@BN.KL,6181@BN.KL
5533.KL,OCB Bhd,5533.KL
5056@BN.KL,5056@BN.KL,5056@BN.KL
7201.KL,Progressive Impact Corp. Bhd,7201.KL
0029@BN.KL,0029@BN.KL,0029@BN.KL
7241@BN.KL,7241@BN.KL,7241@BN.KL
5252@DB.KL,5252@DB.KL,5252@DB.KL
7285.KL,Tomypak Holdings Bhd,7285.KL
0127@BN.KL,0127@BN.KL,0127@BN.KL
0133.KL,SANICHI TECHNOLOGY BHD,0133.KL
5038@BN.KL,5038@BN.KL,5038@BN.KL
5060@BN.KL,5060@BN.KL,5060@BN.KL
8117.KL,Poly Glass Fibre M Bhd,8117.KL
7231@BN.KL,7231@BN.KL,7231@BN.KL
3581.KL,Lion Corp. Bhd,3581.KL
7366@BN.KL,7366@BN.KL,7366@BN.KL
3948@BN.KL,3948@BN.KL,3948@BN.KL
0127.KL,JHM CONSOLIDATION BHD,0127.KL
0145.KL,TFP SOLUTIONS BHD,0145.KL
4936.KL,Malpac Holdings Bhd,4936.KL
0082.KL,GREEN PACKET BHD,0082.KL
5797.KL,Choo Bee Metal Industries Bhd,5797.KL
5070@BN.KL,5070@BN.KL,5070@BN.KL
9091@BN.KL,9091@BN.KL,9091@BN.KL
7059.KL,Metal Reclamation Bhd,7059.KL
4065.KL,PPB Group Berhad,4065.KL
7215@BN.KL,7215@BN.KL,7215@BN.KL
5125.KL,Pantech Group Holdings Bhd,5125.KL
6009@BN.KL,6009@BN.KL,6009@BN.KL
7228@BN.KL,7228@BN.KL,7228@BN.KL
4065@BN.KL,4065@BN.KL,4065@BN.KL
7246@BN.KL,7246@BN.KL,7246@BN.KL
5096.KL,KAF-Seagroatt & Campbell Berhad,5096.KL
0050.KL,SYSTECH BHD,0050.KL
3395@BN.KL,3395@BN.KL,3395@BN.KL
9938@BN.KL,9938@BN.KL,9938@BN.KL
0025.KL,LNG RESOURCES BHD,0025.KL
8273@BN.KL,8273@BN.KL,8273@BN.KL
0133@BN.KL,0133@BN.KL,0133@BN.KL
5681@BN.KL,5681@BN.KL,5681@BN.KL
0035@BN.KL,0035@BN.KL,0035@BN.KL
4383.KL,Jaya Tiasa Holdings Berhad,4383.KL
3905@BN.KL,3905@BN.KL,3905@BN.KL
0129.KL,SILVER RIDGE HOLDINGS BHD,0129.KL
7167.KL,Johore Tin Bhd,7167.KL
7034@BN.KL,7034@BN.KL,7034@BN.KL
2739@BN.KL,2739@BN.KL,2739@BN.KL
9318.KL,Fitters Diversified Berhad,9318.KL
7117.KL,Century Logistics Holdings Bhd,7117.KL
6483.KL,K & N Kenanga Holdings Berhad,6483.KL
4197@BN.KL,4197@BN.KL,4197@BN.KL
5075.KL,Plenitude Berhad,5075.KL
7250@BN.KL,7250@BN.KL,7250@BN.KL
5042.KL,TSR Capital Berhad,5042.KL
5077@BN.KL,5077@BN.KL,5077@BN.KL
3069.KL,Mega First Corp. Bhd,3069.KL
9865.KL,Suiwah Corp. Bhd,9865.KL
4847@BN.KL,4847@BN.KL,4847@BN.KL
6661.KL,OSK Property Holdings Berhad,6661.KL
7013@BN.KL,7013@BN.KL,7013@BN.KL
0099@BN.KL,0099@BN.KL,0099@BN.KL
3891.KL,Malayan United Industries Berhad,3891.KL
5398@BN.KL,5398@BN.KL,5398@BN.KL
6173@BN.KL,6173@BN.KL,6173@BN.KL
5008@BN.KL,5008@BN.KL,5008@BN.KL
5085@BN.KL,5085@BN.KL,5085@BN.KL
7017.KL,Komarkcorp Bhd,7017.KL
0141@BN.KL,0141@BN.KL,0141@BN.KL
8311@BN.KL,8311@BN.KL,8311@BN.KL
8893@BN.KL,8893@BN.KL,8893@BN.KL
5355@BN.KL,5355@BN.KL,5355@BN.KL
2003.KL,Kulim (Malaysia) Berhad,2003.KL
0060@BN.KL,0060@BN.KL,0060@BN.KL
6378.KL,Tekala Corp. Bhd,6378.KL
6211.KL,Kia Lim Bhd,6211.KL
9059.KL,TSH Resources Berhad,9059.KL
0038@BN.KL,0038@BN.KL,0038@BN.KL
0028@BN.KL,0028@BN.KL,0028@BN.KL
2305.KL,TAHPS Group Berhad,2305.KL
5070.KL,Protasco Bhd,5070.KL
1818@BN.KL,1818@BN.KL,1818@BN.KL
6017.KL,SHL Consolidated Bhd,6017.KL
5031.KL,Time Dotcom Bhd.,5031.KL
0006.KL,PINEAPPLE RESOURCES BHD,0006.KL
1996.KL,Kretam Holdings Berhad,1996.KL
5200.KL,UOA Development Bhd,5200.KL
4898@BN.KL,4898@BN.KL,4898@BN.KL
5102@BN.KL,5102@BN.KL,5102@BN.KL
8982.KL,Cepatwawasan Group Bhd,8982.KL
3891@BN.KL,3891@BN.KL,3891@BN.KL
8346@BN.KL,8346@BN.KL,8346@BN.KL
7217.KL,Eonmetall Group Bhd,7217.KL
3816@BN.KL,3816@BN.KL,3816@BN.KL
2755@BN.KL,2755@BN.KL,2755@BN.KL
7757.KL,UPA Corporation Berhad,7757.KL
5010@BN.KL,5010@BN.KL,5010@BN.KL
5207.KL,SBC Corporation Berhad,5207.KL
5001@BN.KL,5001@BN.KL,5001@BN.KL
5066.KL,NTPM Holdings Berhad,5066.KL
4863@BN.KL,4863@BN.KL,4863@BN.KL
0100@BN.KL,0100@BN.KL,0100@BN.KL
5199@BN.KL,5199@BN.KL,5199@BN.KL
5038.KL,KSL Holdings Bhd,5038.KL
5107@BN.KL,5107@BN.KL,5107@BN.KL
5084@BN.KL,5084@BN.KL,5084@BN.KL
4324@BN.KL,4324@BN.KL,4324@BN.KL
1155@BN.KL,1155@BN.KL,1155@BN.KL
3069@BN.KL,3069@BN.KL,3069@BN.KL
8702.KL,Texchem Resources Bhd,8702.KL
1481.KL,Advance Synergy Berhad,1481.KL
1082@BN.KL,1082@BN.KL,1082@BN.KL
3182@BN.KL,3182@BN.KL,3182@BN.KL
2771@BN.KL,2771@BN.KL,2771@BN.KL
2143.KL,ECM Libra Financial Group Berhad,2143.KL
6815@BN.KL,6815@BN.KL,6815@BN.KL
2089.KL,United Plantations Bhd,2089.KL
1481@BN.KL,1481@BN.KL,1481@BN.KL
3883.KL,Muda Holdings Berhad,3883.KL
7018.KL,CME Group Bhd,7018.KL
5031@BN.KL,5031@BN.KL,5031@BN.KL
0070.KL,MQ TECHNOLOGY BHD,0070.KL
6947@BN.KL,6947@BN.KL,6947@BN.KL
0084@BN.KL,0084@BN.KL,0084@BN.KL
0171.KL,PETERLABS HOLDINGS BHD,0171.KL
7097.KL,Ta Win Holdings Bhd,7097.KL
7047.KL,Fajarbaru Builder Group Bhd.,7047.KL
9296.KL,RCE Capital Berhad,9296.KL
5165.KL,Hock Heng Stone Industries Bhd,5165.KL
6637@BN.KL,6637@BN.KL,6637@BN.KL
1643.KL,Landmarks Bhd,1643.KL
5011@BN.KL,5011@BN.KL,5011@BN.KL
0053.KL,OSK VENTURES INTERNATIONAL BHD,0053.KL
7140.KL,Oka Corp. Bhd,7140.KL
5138.KL,Hap Seng Plantations Holdings Bhd,5138.KL
9113@BN.KL,9113@BN.KL,9113@BN.KL
3018@BN.KL,3018@BN.KL,3018@BN.KL
9776@BN.KL,9776@BN.KL,9776@BN.KL
1201.KL,Sumatec Resources Berhad,1201.KL
7757@BN.KL,7757@BN.KL,7757@BN.KL
7234.KL,MESB Bhd,7234.KL
8591@BN.KL,8591@BN.KL,8591@BN.KL
6521.KL,Suria Capital Holdings Bhd,6521.KL
0058@BN.KL,0058@BN.KL,0058@BN.KL
7231.KL,Wellcall Holdings Bhd,7231.KL
0054.KL,KARYON INDUSTRIES BHD,0054.KL
0146.KL,JF TECHNOLOGY BHD,0146.KL
1562@BN.KL,1562@BN.KL,1562@BN.KL
8273.KL,Public Packages Holdings Bhd,8273.KL
2542@BN.KL,2542@BN.KL,2542@BN.KL
0012.KL,THREE-A RESOURCES BHD,0012.KL
7158@BN.KL,7158@BN.KL,7158@BN.KL
7145@BN.KL,7145@BN.KL,7145@BN.KL
7080@BN.KL,7080@BN.KL,7080@BN.KL
7115.KL,SKB Shutters Corp. Bhd,7115.KL
0023@BN.KL,0023@BN.KL,0023@BN.KL
7773@OM.KL,7773@OM.KL,7773@OM.KL
7140@BN.KL,7140@BN.KL,7140@BN.KL
7126@BN.KL,7126@BN.KL,7126@BN.KL
7095@BN.KL,7095@BN.KL,7095@BN.KL
3611.KL,Goh Ban Huat Berhad,3611.KL
9016.KL,Eksons Corporation Berhad,9016.KL
2429.KL,Tanco Holdings Bhd,2429.KL
7692.KL,Widetech Malaysia Bhd,7692.KL
8079.KL,Lee Swee Kiat Group Bhd,8079.KL
5094.KL,CSC Steel Holdings Bhd,5094.KL
7412@BN.KL,7412@BN.KL,7412@BN.KL
7195.KL,Comintel Corporation Berhad,7195.KL
6971@BN.KL,6971@BN.KL,6971@BN.KL
0008@BN.KL,0008@BN.KL,0008@BN.KL
7071@BN.KL,7071@BN.KL,7071@BN.KL
1619@BN.KL,1619@BN.KL,1619@BN.KL
5022.KL,Paos Holdings Berhad,5022.KL
0005@BN.KL,0005@BN.KL,0005@BN.KL
7035@BN.KL,7035@BN.KL,7035@BN.KL
4944@BN.KL,4944@BN.KL,4944@BN.KL
5371.KL,Kim Hin Industry Bhd,5371.KL
9598@BN.KL,9598@BN.KL,9598@BN.KL
7692@BN.KL,7692@BN.KL,7692@BN.KL
5032@BN.KL,5032@BN.KL,5032@BN.KL
0054@BN.KL,0054@BN.KL,0054@BN.KL
9377.KL,FSBM Holdings Berhad,9377.KL
1562.KL,Berjaya Sports Toto Berhad,1562.KL
7035.KL,CCK Consolidated Holdings Bhd,7035.KL
7198.KL,DPS Resources Bhd,7198.KL
5068@BN.KL,5068@BN.KL,5068@BN.KL
0002.KL,KOTRA INDUSTRIES BHD,0002.KL
9571@BN.KL,9571@BN.KL,9571@BN.KL
5576@BN.KL,5576@BN.KL,5576@BN.KL
4081@BN.KL,4081@BN.KL,4081@BN.KL
4464.KL,Naim Indah Corp. Bhd,4464.KL
9121.KL,KPS Consortium Bhd,9121.KL
3484@BN.KL,3484@BN.KL,3484@BN.KL
3921@BN.KL,3921@BN.KL,3921@BN.KL
6025.KL,Berjaya Media Berhad,6025.KL
5143@BN.KL,5143@BN.KL,5143@BN.KL
7471@BN.KL,7471@BN.KL,7471@BN.KL
0011@BN.KL,0011@BN.KL,0011@BN.KL
5789.KL,LBS Bina Group Bhd,5789.KL
4448.KL,Tasek Corporation Berhad,4448.KL
5081@OM.KL,5081@OM.KL,5081@OM.KL
7195@BN.KL,7195@BN.KL,7195@BN.KL
8443@BN.KL,8443@BN.KL,8443@BN.KL
4405@BN.KL,4405@BN.KL,4405@BN.KL
7169.KL,Dominant Enterprise Berhad,7169.KL
2852@BN.KL,2852@BN.KL,2852@BN.KL
7163.KL,PJBumi Berhad,7163.KL
1287@BN.KL,1287@BN.KL,1287@BN.KL
5983.KL,MBM Resources Bhd,5983.KL
5104.KL,CNI Holdings Bhd,5104.KL
8621@BN.KL,8621@BN.KL,8621@BN.KL
5016.KL,Warisan TC Holdings Bhd,5016.KL
3379.KL,Insas Berhad,3379.KL
9466@BN.KL,9466@BN.KL,9466@BN.KL
7471.KL,Eden Inc. Berhad,7471.KL
7498.KL,Ralco Corporation Berhad,7498.KL
5214.KL,China Stationery Limited,5214.KL
5150.KL,Multi Sports Holdings Ltd,5150.KL
5229@BN.KL,5229@BN.KL,5229@BN.KL
5214@BN.KL,5214@BN.KL,5214@BN.KL
5090.KL,Media Chinese International Limited,5090.KL
8133.KL,Boustead Heavy Industries Corporation Bhd,8133.KL
8133@BN.KL,8133@BN.KL,8133@BN.KL
1818.KL,Bursa Malaysia Berhad,1818.KL
5257@DB.KL,5257@DB.KL,5257@DB.KL
7076.KL,CB Industrial Product Holding Bhd,7076.KL
7076@BN.KL,7076@BN.KL,7076@BN.KL
8052.KL,Central Industrial Corporation Berhad,8052.KL
0823EA@OM.KL,0823EA@OM.KL,0823EA@OM.KL
7209@OM.KL,7209@OM.KL,7209@OM.KL
0823EA.KL,CIMB FTSE China 50,0823EA.KL
5234@BN.KL,5234@BN.KL,5234@BN.KL
8125.KL,Daibochi Plastic & Packaging Industry Bhd,8125.KL
8176.KL,Denko Industrial Corp. Bhd,8176.KL
0824EA.KL,MyETF MSCI Malaysia Islamic Dividend,0824EA.KL
0131.KL,DIVERSIFIED GATEWAY SOLUTIONS,0131.KL
0825EA.KL,MyETF MSCI SEA ISLAMIC DIVIDEND,0825EA.KL
0824EA@OM.KL,0824EA@OM.KL,0824EA@OM.KL
0821EA.KL,DJIM25,0821EA.KL
5908@BN.KL,5908@BN.KL,5908@BN.KL
5908.KL,DKSH Holdings (Malaysia) Berhad,5908.KL
0116@BN.KL,0116@BN.KL,0116@BN.KL
0107.KL,EDUSPEC HOLDINGS BERHAD,0107.KL
5036@OM.KL,5036@OM.KL,5036@OM.KL
0107@BN.KL,0107@BN.KL,0107@BN.KL
1368@BN.KL,1368@BN.KL,1368@BN.KL
9075.KL,Theta Edge Berhad,9075.KL
7004.KL,Multi-Code Electronics Industries (M) Berhad,7004.KL
7004@BN.KL,7004@BN.KL,7004@BN.KL
8435@BN.KL,8435@BN.KL,8435@BN.KL
9822.KL,SAM Engineering & Equipment (M) Berhad,9822.KL
9822@BN.KL,9822@BN.KL,9822@BN.KL
5212.KL,Pavilion Real Estate Investment Trust,5212.KL
5121.KL,Hektar Real Estate Investment Trust,5121.KL
5111.KL,Tower Real Estate Investment Trust,5111.KL
5176@BN.KL,5176@BN.KL,5176@BN.KL
5081.KL,Esthetics International Group Bhd,5081.KL
5110.KL,Uoa Real Estate Investment,5110.KL
5227@BN.KL,5227@BN.KL,5227@BN.KL
5212@BN.KL,5212@BN.KL,5212@BN.KL
7249@BN.KL,7249@BN.KL,7249@BN.KL
9806@BN.KL,9806@BN.KL,9806@BN.KL
2984.KL,FACB Industries Inc. Bhd,2984.KL
2984@BN.KL,2984@BN.KL,2984@BN.KL
8605.KL,Federal Furniture Holdings M Bhd,8605.KL
7107@BN.KL,7107@BN.KL,7107@BN.KL
9172.KL,Formosa Prosonic Industries Berhad,9172.KL
9172@BN.KL,9172@BN.KL,9172@BN.KL
5196@BN.KL,5196@BN.KL,5196@BN.KL
5243.KL,UMW Oil & Gas Corporation Berhad,5243.KL
5209.KL,Gas Malaysia Berhad,5209.KL
2607.KL,Inch Kenneth Kajang Rubber Public Limited Company,2607.KL
5187.KL,HB Global Limited,5187.KL
5158.KL,TA Global Berhad,5158.KL
2127@BN.KL,2127@BN.KL,2127@BN.KL
7192.KL,Goodway Integrated Industries Bhd,7192.KL
7382.KL,Golden Land Berhad,7382.KL
7676.KL,Gunung Capital Bhd,7676.KL
5138@BN.KL,5138@BN.KL,5138@BN.KL
5225@BN.KL,5225@BN.KL,5225@BN.KL
8397.KL,Tiong Nam Logistics Holdings Bhd,8397.KL
7088@BN.KL,7088@BN.KL,7088@BN.KL
5169@BN.KL,5169@BN.KL,5169@BN.KL
5169.KL,Ho Hup Construction Company Berhad,5169.KL
5169PA.KL,Ho Hup Construction Company Berhad,5169PA.KL
5169PB.KL,Ho Hup Construction Company Berhad,5169PB.KL
6688.KL,Hwang Capital (Malaysia) Berhad,6688.KL
5255@DB.KL,5255@DB.KL,5255@DB.KL
0162.KL,IDEAL JACOBS (M) CORPORATION B,0162.KL
7201@BN.KL,7201@BN.KL,7201@BN.KL
0024.KL,JAG BERHAD,0024.KL
2747.KL,Java Berhad,2747.KL
8923.KL,Jiankun International Berhad,8923.KL
6769@BN.KL,6769@BN.KL,6769@BN.KL
8672@BN.KL,8672@BN.KL,8672@BN.KL
8672.KL,Kamdar Group (M) Bhd,8672.KL
2607@BN.KL,2607@BN.KL,2607@BN.KL
5247@BN.KL,5247@BN.KL,5247@BN.KL
6645.KL,Lingkaran Trans Kota Holdings Berhad,6645.KL
5843@BN.KL,5843@BN.KL,5843@BN.KL
5191@BN.KL,5191@BN.KL,5191@BN.KL
5239@BN.KL,5239@BN.KL,5239@BN.KL
4235.KL,Lion Industries Corporation Berhad,4235.KL
4235@BN.KL,4235@BN.KL,4235@BN.KL
8397@BN.KL,8397@BN.KL,8397@BN.KL
8095.KL,Malaysia Packaging Industry Bhd,8095.KL
5916.KL,Malaysia Smelting Corporation Berhad,5916.KL
1651.KL,Malaysian Resources Corporation Berhad,1651.KL
5180@BN.KL,5180@BN.KL,5180@BN.KL
1651@BN.KL,1651@BN.KL,1651@BN.KL
5916@BN.KL,5916@BN.KL,5916@BN.KL
5189@BN.KL,5189@BN.KL,5189@BN.KL
5180.KL,CapitaLand Malaysia Mall Trust,5180.KL
3867@BN.KL,3867@BN.KL,3867@BN.KL
3719.KL,Panasonic Manufacturing Malaysia Berhad,3719.KL
0167.KL,MCLEAN TECHNOLOGIES BERHAD,0167.KL
5182@BN.KL,5182@BN.KL,5182@BN.KL
6114@OM.KL,6114@OM.KL,6114@OM.KL
5237@OM.KL,5237@OM.KL,5237@OM.KL
5123@BN.KL,5123@BN.KL,5123@BN.KL
5436.KL,Perusahaan Sadur Timah Malaysia (Perstima) Bhd,5436.KL
3719@BN.KL,3719@BN.KL,3719@BN.KL
5436@BN.KL,5436@BN.KL,5436@BN.KL
0117.KL,SMRT HOLDINGS BERHAD,0117.KL
0177.KL,PASUKHAS GROUP BERHAD,0177.KL
6262.KL,Innoprise Plantations Bhd,6262.KL
4251.KL,I-Berhad,4251.KL
0047@BN.KL,0047@BN.KL,0047@BN.KL
9695.KL,PLS Plantations Berhad,9695.KL
7050.KL,Wong Engineering Corporation Berhad,7050.KL
0017@BN.KL,0017@BN.KL,0017@BN.KL
5160.KL,Homeritz Corporation Berhad,5160.KL
3867.KL,Malaysian Pacific Industries Berhad,3867.KL
0047.KL,PERISAI PETROLEUM TEKNOLOGI,0047.KL
4251@BN.KL,4251@BN.KL,4251@BN.KL
8435.KL,Concrete Engineering Products Berhad,8435.KL
7050@BN.KL,7050@BN.KL,7050@BN.KL
0074@BN.KL,0074@BN.KL,0074@BN.KL
0096.KL,NEXGRAM HOLDINGS BERHAD,0096.KL
2879.KL,Chemical Co. of Malaysia Bhd,2879.KL
7251.KL,Barakah Offshore Petroleum Berhad,7251.KL
0018.KL,ACCSOFT TECHNOLOGY BERHAD,0018.KL
5188.KL,China Ouhua Winery Holdings Limited,5188.KL
0153.KL,OVERSEA ENTERPRISE BERHAD,0153.KL
5245@BN.KL,5245@BN.KL,5245@BN.KL
1902.KL,Pinehill Pacific Berhad,1902.KL
7237@BN.KL,7237@BN.KL,7237@BN.KL
5272.KL,RANHILL HOLDINGS BERHAD,5272.KL
7248.KL,SLP Resources Berhad,7248.KL
0117@BN.KL,0117@BN.KL,0117@BN.KL
0169.KL,SMTRACK BERHAD,0169.KL
0093@BN.KL,0093@BN.KL,0093@BN.KL
6084.KL,Star Media Group Berhad,6084.KL
0140.KL,STERLING PROGRESS BERHAD,0140.KL
7186@BN.KL,7186@BN.KL,7186@BN.KL
1538@BN.KL,1538@BN.KL,1538@BN.KL
2976@BN.KL,2976@BN.KL,2976@BN.KL
2259.KL,Talam Transform Berhad,2259.KL
7250.KL,Uzma Berhad,7250.KL
9679@BN.KL,9679@BN.KL,9679@BN.KL
5246@BN.KL,5246@BN.KL,5246@BN.KL
5248@BN.KL,5248@BN.KL,5248@BN.KL
5190.KL,Benalec Holdings Berhad,5190.KL
7212.KL,Destini Berhad,7212.KL
3859@BN.KL,3859@BN.KL,3859@BN.KL
7225.KL,P.A. Resources Berhad,7225.KL
7168.KL,PRG Holdings Berhad,7168.KL
5204.KL,Prestariang Berhad,5204.KL
5163.KL,Seremban Engineering Berhad,5163.KL
7073@BN.KL,7073@BN.KL,7073@BN.KL
0177@BN.KL,0177@BN.KL,0177@BN.KL
7252.KL,Teo Seng Capital Berhad,7252.KL
7209.KL,Cheetah Holdings Berhad,7209.KL
3395OA.KL,Berjaya Corporation Berhad,3395OA.KL
0178.KL,SEDANIA INNOVATOR BERHAD,0178.KL
7071.KL,O&C Resources Berhad,7071.KL
8176@BN.KL,8176@BN.KL,8176@BN.KL
0093.KL,SOLUTION ENGINEERING HOLDINGS,0093.KL
0017.KL,M3 TECHNOLOGIES(ASIA)BHD,0017.KL
